Time Stamp, Source IP, Destination IP, Destination Port, Protocol, Packet Size, Connection Duration, Service, Event Count      
2026-01-01 19:03:23,192.168.183.209,10.179.168.18,21,TCP,3365,1.93,FTP,14
2026-01-01 19:03:32,10.211.211.118,10.48.200.179,3389,TCP,6474,6.9,RDP,7
2026-01-01 19:03:43,168.188.135.70,192.168.133.252,22,TCP,5693,3.39,SSH,15
2026-01-01 19:03:52,157.208.112.130,172.17.32.8,445,TCP,1647,0.97,SMB,0
2026-01-01 19:03:57,172.23.121.145,10.172.99.140,22,TCP,4973,0.45,SSH,1
2026-01-01 19:04:09,172.22.237.197,192.168.232.84,22,UDP,942,1.16,SSH,8
2026-01-01 19:04:17,192.168.188.6,10.237.156.115,80,UDP,5240,1.56,HTTP,0
2026-01-01 19:04:25,172.28.214.29,10.107.129.203,3389,UDP,7271,6.59,RDP,2
2026-01-01 19:04:31,223.138.104.105,172.24.61.160,3389,UDP,6474,0.06,RDP,8
2026-01-01 19:04:36,10.4.26.240,10.248.93.58,22,TCP,1761,4.41,SSH,10
2026-01-01 19:04:44,10.62.126.249,192.168.25.120,53,TCP,3210,7.36,DNS,0
2026-01-01 19:04:50,172.20.92.128,192.168.239.63,53,TCP,861,5.08,DNS,0
2026-01-01 19:05:02,38.214.249.225,10.71.79.76,22,TCP,793,7.1,SSH,0
2026-01-01 19:05:08,10.60.17.208,10.24.227.11,21,UDP,4051,4.55,FTP,13
2026-01-01 19:05:13,10.234.99.12,10.124.110.150,21,UDP,4750,0.68,FTP,14
2026-01-01 19:05:21,10.169.190.96,192.168.18.144,22,TCP,520,4.3,SSH,7
2026-01-01 19:05:33,172.26.38.157,172.18.167.160,53,TCP,8809,0.37,DNS,0
2026-01-01 19:06:13,192.168.77.86,10.3.177.124,445,UDP,6936,1.83,SMB,0
2026-01-01 19:06:23,10.254.248.124,192.168.200.177,22,TCP,3138,1.87,SSH,0
2026-01-01 19:06:31,172.21.21.165,10.1.10.168,53,UDP,4507,4.85,DNS,0
2026-01-01 19:06:42,10.70.198.16,10.188.117.193,3389,UDP,1877,0.32,RDP,4
2026-01-01 19:06:47,10.37.94.188,172.17.245.130,80,TCP,7649,4.63,HTTP,0
2026-01-01 19:06:56,10.166.79.189,192.168.45.27,53,TCP,3642,0.38,DNS,0
2026-01-01 19:07:06,192.168.220.57,172.17.45.146,3389,UDP,3994,2.87,RDP,14
2026-01-01 19:07:11,10.63.64.78,172.27.49.89,80,UDP,6403,5.63,HTTP,0
2026-01-01 19:07:17,192.168.54.176,10.34.171.14,443,UDP,738,7.05,HTTPS,0
2026-01-01 19:07:26,172.29.247.110,192.168.23.177,53,TCP,2227,2.82,DNS,0
2026-01-01 19:07:31,192.168.144.188,10.153.28.203,53,TCP,1622,6.74,DNS,0
2026-01-01 19:07:36,194.156.219.225,172.24.118.39,443,TCP,6917,3.35,HTTPS,0
2026-01-01 19:07:41,172.30.125.188,10.70.114.166,445,UDP,3750,4.63,SMB,0
2026-01-01 19:07:49,192.168.213.151,10.85.235.40,53,TCP,3296,7.02,DNS,0
2026-01-01 19:07:55,192.168.85.66,10.255.105.117,443,UDP,2495,2.2,HTTPS,0
2026-01-01 19:08:05,172.20.221.51,10.241.44.113,53,TCP,4371,2.57,DNS,0
2026-01-01 19:08:17,172.29.250.176,192.168.16.42,22,UDP,7473,4.21,SSH,8
2026-01-01 19:08:28,190.76.67.106,192.168.12.15,443,UDP,7628,1.74,HTTPS,0
2026-01-01 19:08:36,13.220.208.238,192.168.45.200,22,UDP,4069,5.95,SSH,6
2026-01-01 19:08:45,172.16.92.177,192.168.131.99,443,UDP,1041,4.6,HTTPS,0
2026-01-01 19:08:55,10.199.249.244,192.168.15.210,80,UDP,4261,1.72,HTTP,0
2026-01-01 19:09:02,159.19.26.73,172.30.154.49,80,TCP,7704,7.94,HTTP,0
2026-01-01 19:09:12,200.141.53.3,172.20.197.31,3389,UDP,7796,4.84,RDP,6
2026-01-01 19:09:17,192.168.40.28,172.27.143.179,3389,UDP,6906,6.67,RDP,9
2026-01-01 19:09:27,172.25.192.185,192.168.106.191,80,TCP,2983,7.37,HTTP,0
2026-01-01 19:09:33,10.106.200.25,192.168.57.18,3389,TCP,2230,0.78,RDP,11
2026-01-01 19:09:40,10.41.162.111,10.150.34.21,22,UDP,865,4.6,SSH,15
2026-01-01 19:09:51,208.142.245.169,192.168.84.155,445,UDP,2587,7.89,SMB,0
2026-01-01 19:16:07,172.31.201.151,10.223.50.138,3389,TCP,6939,4.44,RDP,6
2026-01-01 19:16:18,10.41.185.120,172.27.187.229,445,UDP,1117,2.51,SMB,0
2026-01-01 19:16:29,192.168.73.91,192.168.90.35,445,UDP,4897,5.53,SMB,0
2026-01-01 19:16:39,59.131.243.25,172.22.160.101,80,TCP,2426,2.71,HTTP,0
2026-01-01 19:16:46,172.30.128.197,10.73.180.28,443,TCP,6965,2.19,HTTPS,0
2026-01-01 19:16:52,172.31.126.117,192.168.139.121,443,UDP,6025,7.78,HTTPS,0
2026-01-01 19:17:03,32.187.255.5,10.15.234.139,443,TCP,7286,0.58,HTTPS,0
2026-01-01 19:17:14,35.4.239.131,172.21.6.250,53,TCP,2918,1.76,DNS,0
2026-01-01 19:17:25,172.22.193.152,172.28.190.138,445,TCP,3370,0.2,SMB,0
2026-01-01 19:17:32,27.110.213.32,10.38.244.177,21,UDP,3479,4.88,FTP,8
2026-01-01 19:17:44,192.168.233.246,192.168.77.53,22,TCP,8480,7.7,SSH,11
2026-01-01 19:17:49,172.27.46.142,10.32.149.158,445,UDP,2872,1.49,SMB,0
2026-01-01 19:17:57,197.180.22.5,10.10.49.237,443,UDP,2159,1.37,HTTPS,0
2026-01-01 19:18:05,192.168.218.97,172.24.205.219,22,UDP,2281,5.63,SSH,2
2026-01-01 19:18:12,10.230.54.13,172.23.203.22,21,UDP,7181,3.61,FTP,8
2026-01-01 19:18:18,90.246.164.226,172.22.39.147,80,TCP,7207,0.52,HTTP,0
2026-01-01 19:18:30,172.27.118.84,172.26.213.244,80,TCP,2327,1.66,HTTP,0
2026-01-01 19:18:40,10.57.227.153,192.168.209.59,443,TCP,2171,2.8,HTTPS,0
2026-01-01 19:18:49,27.223.102.44,172.27.186.92,21,TCP,1296,2.96,FTP,6
2026-01-01 19:18:56,192.168.67.152,10.142.248.92,21,UDP,7679,3.35,FTP,11
2026-01-01 19:19:02,34.82.40.227,10.28.50.103,445,UDP,4862,7.79,SMB,0
2026-01-01 19:19:12,192.168.213.253,172.18.131.160,445,UDP,524,2.65,SMB,0
2026-01-01 19:19:17,10.8.67.183,192.168.121.15,22,UDP,7033,6.02,SSH,5
2026-01-01 19:19:24,192.168.9.145,172.25.189.73,53,TCP,7098,4.35,DNS,0
2026-01-01 19:19:33,172.29.94.170,172.18.159.146,443,UDP,8634,4.19,HTTPS,0
2026-01-01 19:19:41,145.69.238.139,10.110.17.206,445,UDP,7555,4.32,SMB,0
2026-01-01 19:19:51,172.31.76.219,172.19.231.196,80,TCP,2949,1.84,HTTP,0
2026-01-01 19:20:02,10.27.16.80,10.126.23.142,53,TCP,2254,5.84,DNS,0
2026-01-01 19:20:08,10.193.146.109,10.153.2.225,53,UDP,7649,3.75,DNS,0
2026-01-01 19:24:39,10.0.249.26,10.157.147.151,445,TCP,1349,2.24,SMB,0
2026-01-01 19:24:45,91.41.35.104,10.100.56.16,80,UDP,4300,6.94,HTTP,0
2026-01-01 19:24:51,197.92.219.221,172.26.116.204,22,UDP,4923,7.9,SSH,12
2026-01-01 19:24:56,192.168.157.137,10.147.77.179,22,TCP,6282,3.4,SSH,6
2026-01-01 19:25:07,75.48.88.67,10.220.111.181,80,UDP,1307,6.07,HTTP,0
2026-01-01 19:25:18,172.25.10.226,192.168.211.190,21,UDP,7958,0.93,FTP,0
2026-01-01 19:25:29,172.28.108.50,192.168.17.154,3389,TCP,6530,2.03,RDP,15
2026-01-01 19:25:39,172.29.156.96,172.30.221.219,22,UDP,5602,2.68,SSH,15
2026-01-01 19:25:48,223.119.174.78,192.168.108.98,3389,UDP,2109,1.75,RDP,9
2026-01-01 19:26:00,172.27.176.26,172.25.37.154,80,TCP,7035,3.36,HTTP,0
2026-01-01 19:26:10,192.168.179.41,192.168.191.25,443,TCP,6113,2.26,HTTPS,0
2026-01-01 19:26:18,172.31.72.6,172.28.193.30,3389,TCP,971,4.52,RDP,13
2026-01-01 19:26:23,178.1.104.89,172.31.35.253,80,TCP,511,4.88,HTTP,0
2026-01-01 19:26:33,192.168.118.44,192.168.174.103,80,UDP,8280,3.02,HTTP,0
2026-01-01 19:26:39,172.20.204.164,192.168.21.236,21,UDP,3280,7.65,FTP,15
2026-01-01 19:26:51,10.60.247.181,192.168.248.37,3389,UDP,8665,0.42,RDP,8
2026-01-01 19:27:03,192.168.152.2,172.31.123.105,21,UDP,733,5.78,FTP,8
2026-01-01 19:27:09,192.168.15.186,172.30.52.220,443,UDP,2241,2.73,HTTPS,0
2026-01-01 19:27:19,156.205.193.74,172.18.216.48,80,UDP,4297,0.34,HTTP,0
2026-01-01 19:27:26,172.31.144.165,10.20.217.42,445,TCP,6278,7.63,SMB,0
2026-01-01 19:27:37,10.235.217.71,172.17.41.119,21,TCP,6453,1.33,FTP,12
2026-01-01 19:27:42,31.160.5.114,10.225.99.242,53,TCP,793,2.43,DNS,0
2026-01-01 19:27:47,192.168.3.136,172.24.77.173,21,UDP,2103,3.36,FTP,8
2026-01-01 19:27:57,172.29.144.187,172.29.122.35,53,UDP,2181,0.93,DNS,0
2026-01-01 19:28:18,220.26.244.155,192.168.50.248,22,UDP,1986,1.6,SSH,14
2026-01-01 19:28:18,21.253.59.140,172.20.158.3,445,UDP,2974,7.83,SMB,0
2026-01-01 19:28:30,192.168.153.182,192.168.102.233,445,TCP,4684,2.18,SMB,0
2026-01-01 19:28:30,172.27.167.151,172.25.194.98,80,TCP,8500,2.76,HTTP,0
2026-01-01 19:28:40,172.19.53.38,10.93.38.151,21,TCP,1541,5.51,FTP,13
2026-01-01 19:28:41,172.16.244.112,192.168.231.120,80,UDP,5652,3.42,HTTP,0
2026-01-01 19:28:47,189.13.110.9,172.17.147.76,3389,UDP,8812,3.47,RDP,0
2026-01-01 19:28:50,217.90.78.193,192.168.161.32,21,TCP,3963,0.45,FTP,5
2026-01-01 19:28:55,10.4.174.72,172.21.224.98,21,UDP,6023,5.28,FTP,2
2026-01-01 19:28:56,172.22.205.104,172.21.91.49,80,UDP,3772,7.46,HTTP,0
2026-01-01 19:29:03,172.28.132.112,10.28.29.116,53,TCP,6352,7.26,DNS,0
2026-01-01 19:29:03,217.85.237.166,192.168.222.32,53,UDP,5423,4.25,DNS,0
2026-01-01 19:29:11,172.27.40.247,172.25.21.3,53,UDP,6001,1.63,DNS,0
2026-01-01 19:29:13,172.16.148.238,10.147.90.70,53,TCP,6367,2.65,DNS,0
2026-01-01 19:29:13,172.27.164.200,172.27.72.53,21,UDP,8682,4.81,FTP,5
2026-01-01 19:29:16,10.200.239.225,10.15.153.143,3389,TCP,2858,4.67,RDP,12
2026-01-01 19:29:22,10.44.89.134,192.168.130.219,3389,TCP,2171,5.23,RDP,9
2026-01-01 19:29:23,182.112.12.238,192.168.250.108,21,TCP,3009,7.7,FTP,12
2026-01-01 19:29:27,172.21.194.185,10.143.236.19,22,TCP,7373,6.49,SSH,4
2026-01-01 19:29:30,10.43.20.218,10.243.30.51,53,UDP,647,6.68,DNS,0
2026-01-01 19:29:30,57.7.47.227,192.168.109.103,3389,UDP,1628,1.8,RDP,7
2026-01-01 19:29:36,10.130.175.27,10.31.248.171,443,UDP,4052,0.13,HTTPS,0
2026-01-01 19:29:39,172.24.54.42,192.168.13.123,22,TCP,8334,5.18,SSH,9
2026-01-01 19:29:41,57.169.182.74,172.17.163.37,80,UDP,7937,7.74,HTTP,0
2026-01-01 19:29:44,192.168.174.20,192.168.141.121,21,UDP,3779,2.87,FTP,2
2026-01-01 19:29:49,192.168.242.142,192.168.62.73,53,TCP,1441,7.43,DNS,0
2026-01-01 19:29:50,192.168.177.45,172.27.58.219,443,UDP,1353,2.84,HTTPS,0
2026-01-01 19:29:54,89.221.194.59,172.23.226.110,53,UDP,3321,0.64,DNS,0
2026-01-01 19:29:57,192.168.55.107,10.160.130.35,80,TCP,1524,2.0,HTTP,0
2026-01-01 19:30:01,201.51.94.122,192.168.161.91,21,UDP,8636,1.75,FTP,8
2026-01-01 19:30:02,38.157.148.196,172.22.6.249,22,UDP,3478,6.42,SSH,0
2026-01-01 19:30:09,210.101.12.67,10.205.238.126,445,TCP,5337,3.63,SMB,0
2026-01-01 19:30:11,192.168.82.6,10.24.67.181,3389,UDP,2091,5.83,RDP,12
2026-01-01 19:30:14,192.168.101.84,10.92.143.118,53,TCP,488,6.82,DNS,0
2026-01-01 19:30:16,83.109.143.50,192.168.27.105,443,UDP,7957,6.08,HTTPS,0
2026-01-01 19:30:21,172.17.4.79,172.30.138.173,445,TCP,8013,7.88,SMB,0
2026-01-01 19:30:26,10.42.31.238,192.168.72.13,3389,UDP,8849,3.92,RDP,12
2026-01-01 19:30:26,192.168.139.163,172.31.169.74,80,TCP,1203,2.44,HTTP,0
2026-01-01 19:30:26,17.138.172.94,10.137.103.239,22,UDP,1418,0.5,SSH,4
2026-01-01 19:30:31,192.168.35.244,10.221.65.65,443,TCP,315,4.34,HTTPS,0
2026-01-01 19:30:36,192.168.225.206,10.38.113.222,53,UDP,8472,7.09,DNS,0
2026-01-01 19:30:38,72.254.50.196,192.168.155.41,53,TCP,7910,6.05,DNS,0
2026-01-01 19:30:39,117.161.144.237,172.29.225.247,53,TCP,8897,6.72,DNS,0
2026-01-01 19:30:41,10.170.181.89,172.20.72.192,443,UDP,2579,3.38,HTTPS,0
2026-01-01 19:30:47,172.30.49.176,172.18.212.196,22,UDP,1147,0.98,SSH,5
2026-01-01 19:30:50,172.22.20.110,10.105.71.219,21,UDP,712,1.56,FTP,9
2026-01-01 19:30:50,128.202.23.208,10.126.153.111,80,UDP,5436,2.25,HTTP,0
2026-01-01 19:30:54,41.227.183.159,192.168.55.42,80,TCP,6743,3.78,HTTP,0
2026-01-01 19:30:56,10.36.144.78,172.26.64.240,80,UDP,8840,0.89,HTTP,0
2026-01-01 19:30:56,192.168.28.211,172.28.77.174,21,UDP,1251,1.01,FTP,12
2026-01-01 19:31:04,10.225.161.61,192.168.130.100,80,TCP,6442,5.06,HTTP,0
2026-01-01 19:31:06,172.18.92.31,10.57.15.117,3389,TCP,947,3.19,RDP,6
2026-01-01 19:31:07,172.21.51.107,192.168.48.107,21,TCP,6741,5.81,FTP,0
2026-01-01 19:31:11,173.0.255.79,172.30.78.162,3389,TCP,1909,1.87,RDP,9
2026-01-01 19:31:12,10.3.184.34,10.70.209.39,3389,TCP,4159,0.63,RDP,11
2026-01-01 19:31:14,172.27.123.21,172.21.82.172,443,UDP,5764,5.11,HTTPS,0
2026-01-01 19:31:18,10.159.58.134,192.168.182.117,53,TCP,3352,7.92,DNS,0
2026-01-01 19:31:21,172.20.117.100,172.25.158.183,3389,TCP,2254,2.06,RDP,6
2026-01-01 19:31:22,192.168.242.63,10.67.178.199,3389,TCP,592,1.32,RDP,1
2026-01-01 19:31:23,187.55.191.68,172.26.84.191,443,UDP,2447,6.21,HTTPS,0
2026-01-01 19:31:31,10.123.128.222,192.168.241.222,445,UDP,2519,6.7,SMB,0
2026-01-01 19:31:31,27.36.168.43,192.168.78.254,445,TCP,7986,1.22,SMB,0
2026-01-01 19:31:33,192.168.182.12,172.19.59.2,443,TCP,4579,7.45,HTTPS,0
2026-01-01 19:31:38,10.33.77.70,192.168.222.222,445,TCP,8343,5.88,SMB,0
2026-01-01 19:31:39,145.198.232.237,192.168.190.38,53,UDP,3661,0.38,DNS,0
2026-01-01 19:31:41,172.28.231.226,10.181.112.75,80,UDP,5158,0.64,HTTP,0
2026-01-01 19:31:47,10.166.44.176,10.174.66.193,445,TCP,6072,4.97,SMB,0
2026-01-01 19:31:49,192.168.68.147,10.22.28.113,3389,TCP,2545,3.38,RDP,6
2026-01-01 19:31:52,156.42.90.161,192.168.35.148,21,UDP,5268,0.28,FTP,6
2026-01-01 19:31:52,192.168.140.184,10.244.138.193,53,UDP,7313,4.7,DNS,0
2026-01-01 19:31:59,172.29.104.78,10.94.237.245,22,UDP,3893,0.69,SSH,2
2026-01-01 19:32:01,172.18.102.64,192.168.74.251,443,UDP,7511,5.2,HTTPS,0
2026-01-01 19:32:04,92.0.148.50,172.20.195.153,3389,UDP,4186,2.64,RDP,5
2026-01-01 19:32:05,172.24.105.76,172.16.88.106,80,TCP,6085,4.04,HTTP,0
2026-01-01 19:32:07,222.135.5.253,172.26.68.67,22,UDP,6577,6.37,SSH,7
2026-01-01 19:32:13,149.160.236.23,10.110.63.144,21,UDP,7066,1.93,FTP,8
2026-01-01 19:32:15,192.168.51.213,10.102.139.154,443,TCP,6011,7.74,HTTPS,0
2026-01-01 19:32:19,10.92.108.226,192.168.167.76,22,TCP,3431,7.32,SSH,12
2026-01-01 19:32:25,145.54.217.161,172.28.101.24,443,TCP,7768,5.9,HTTPS,0
2026-01-01 19:32:25,220.119.200.65,192.168.94.225,22,TCP,2396,7.34,SSH,13
2026-01-01 19:32:27,192.168.190.84,10.85.132.130,80,TCP,7811,3.36,HTTP,0
2026-01-01 19:32:31,172.20.52.173,172.28.113.113,3389,UDP,5304,3.05,RDP,5
2026-01-01 19:32:34,172.22.239.247,172.27.75.111,3389,UDP,6145,5.84,RDP,14
2026-01-01 19:32:36,172.29.45.245,192.168.92.119,80,UDP,3245,0.27,HTTP,0
2026-01-01 19:32:40,50.133.4.253,10.74.166.216,443,TCP,8373,5.21,HTTPS,0
2026-01-01 19:32:42,10.11.234.234,172.28.246.10,22,UDP,2402,3.55,SSH,11
2026-01-01 19:32:45,172.19.19.133,10.148.187.189,21,UDP,7708,1.63,FTP,7
2026-01-01 19:32:46,175.209.86.35,172.29.101.31,22,UDP,740,4.98,SSH,11
2026-01-01 19:32:52,14.226.51.12,192.168.115.252,22,TCP,654,3.95,SSH,9
2026-01-01 19:32:53,10.77.113.29,192.168.149.125,21,TCP,7175,4.0,FTP,4
2026-01-01 19:32:57,58.44.88.15,172.18.129.89,80,TCP,5668,4.03,HTTP,0
2026-01-01 19:32:57,172.31.118.146,192.168.59.204,53,UDP,6133,1.1,DNS,0
2026-01-01 19:33:04,194.43.0.12,192.168.158.120,53,UDP,3723,3.13,DNS,0
2026-01-01 19:33:06,87.19.139.137,172.23.16.247,445,UDP,7403,7.68,SMB,0
2026-01-01 19:33:06,172.18.190.203,172.30.140.68,443,TCP,5434,4.62,HTTPS,0
2026-01-01 19:33:10,172.18.94.125,192.168.67.57,21,UDP,1369,0.83,FTP,0
2026-01-01 19:33:14,172.20.104.149,172.26.29.39,3389,TCP,1266,3.64,RDP,9
2026-01-01 19:33:14,172.17.67.241,192.168.224.61,80,TCP,7341,3.33,HTTP,0
2026-01-01 19:33:20,172.31.248.15,10.150.6.135,3389,TCP,1804,0.45,RDP,1
2026-01-01 19:33:22,48.114.5.64,10.38.122.244,443,TCP,549,3.8,HTTPS,0
2026-01-01 19:33:26,219.91.13.200,192.168.171.83,3389,UDP,3450,4.16,RDP,3
2026-01-01 19:33:30,172.19.137.44,10.192.96.19,53,UDP,923,1.36,DNS,0
2026-01-01 19:33:31,172.20.204.242,172.21.59.128,445,TCP,7576,4.06,SMB,0
2026-01-01 19:33:33,36.119.254.145,192.168.132.219,21,UDP,3381,2.29,FTP,15
2026-01-01 19:33:39,10.111.76.220,10.18.70.119,53,TCP,366,1.58,DNS,0
2026-01-01 19:33:40,37.131.27.61,192.168.221.137,443,TCP,1731,3.59,HTTPS,0
2026-01-01 19:33:40,126.228.80.139,172.30.103.178,443,TCP,5834,1.01,HTTPS,0
2026-01-01 19:33:47,172.31.64.60,172.28.122.4,3389,TCP,7556,3.76,RDP,6
2026-01-01 19:33:47,172.19.238.13,10.88.156.58,21,TCP,5078,1.63,FTP,13
2026-01-01 19:33:49,219.177.238.106,172.29.251.199,3389,TCP,2067,7.54,RDP,12
2026-01-01 19:33:53,10.98.9.228,10.95.130.247,80,UDP,3551,6.62,HTTP,0
2026-01-01 19:33:56,173.163.104.22,192.168.83.161,443,UDP,1313,4.41,HTTPS,0
2026-01-01 19:33:56,126.169.208.70,192.168.7.156,3389,UDP,1926,1.11,RDP,3
2026-01-01 19:33:59,172.26.64.235,172.31.208.104,22,TCP,5330,6.71,SSH,7
2026-01-01 19:34:05,46.86.246.121,192.168.97.168,22,TCP,6423,6.9,SSH,3
2026-01-01 19:34:06,192.168.156.171,172.27.176.41,22,UDP,8045,7.34,SSH,9
2026-01-01 19:34:06,193.88.115.39,192.168.255.102,3389,TCP,3905,2.36,RDP,12
2026-01-01 19:34:12,199.22.27.106,172.20.43.116,21,UDP,277,2.24,FTP,3
2026-01-01 19:34:12,10.55.53.144,192.168.17.62,22,UDP,5641,5.62,SSH,9
2026-01-01 19:34:14,211.32.165.82,10.225.118.33,445,TCP,3743,1.1,SMB,0
2026-01-01 19:34:19,192.168.48.87,172.26.252.193,3389,UDP,8150,0.32,RDP,6
2026-01-01 19:34:21,10.55.55.43,192.168.50.188,80,UDP,387,2.92,HTTP,0
2026-01-01 19:34:23,192.168.218.254,172.30.98.180,21,UDP,3433,4.28,FTP,13
2026-01-01 19:34:29,10.122.214.66,172.21.193.82,53,TCP,1024,2.85,DNS,0
2026-01-01 19:34:30,10.77.170.189,10.168.174.28,443,UDP,3375,6.6,HTTPS,0
2026-01-01 19:34:31,94.60.210.132,172.29.107.31,3389,UDP,7856,0.81,RDP,12
2026-01-01 19:34:38,192.168.210.160,10.82.195.220,445,TCP,2485,1.08,SMB,0
2026-01-01 19:34:42,41.84.169.51,172.31.75.78,80,UDP,252,7.73,HTTP,0
2026-01-01 19:34:42,10.83.19.99,192.168.94.77,22,UDP,3408,1.68,SSH,8
2026-01-01 19:34:46,172.22.221.75,172.24.101.100,22,TCP,4606,2.86,SSH,0
2026-01-01 19:34:47,60.42.58.180,172.28.80.64,443,TCP,2382,2.72,HTTPS,0
2026-01-01 19:34:47,23.107.133.156,172.23.201.166,443,UDP,8529,4.58,HTTPS,0
2026-01-01 19:34:53,10.119.81.230,172.23.43.194,445,TCP,4223,4.78,SMB,0
2026-01-01 19:34:53,212.29.52.32,10.192.37.234,53,TCP,6436,3.62,DNS,0
2026-01-01 19:34:55,10.1.170.230,172.18.110.114,3389,UDP,2882,6.38,RDP,11
2026-01-01 19:34:56,177.28.52.75,10.225.80.152,22,UDP,4055,0.94,SSH,2
2026-01-01 19:35:00,172.31.225.214,10.124.228.77,445,UDP,6592,2.25,SMB,0
2026-01-01 19:35:04,172.20.7.218,10.171.119.186,443,UDP,1891,2.9,HTTPS,0
2026-01-01 19:35:04,26.51.242.227,10.162.214.33,445,UDP,3476,3.8,SMB,0
2026-01-01 19:35:08,108.200.192.156,172.23.207.166,3389,UDP,3807,5.81,RDP,13
2026-01-01 19:35:09,192.168.133.198,10.93.58.133,53,TCP,6085,6.51,DNS,0
2026-01-01 19:35:09,192.168.4.167,10.216.203.2,53,TCP,8022,2.0,DNS,0
2026-01-01 19:35:09,82.65.80.115,10.26.235.77,53,TCP,980,5.44,DNS,0
2026-01-01 19:35:16,144.150.79.141,10.90.186.164,22,UDP,8152,1.73,SSH,15
2026-01-01 19:35:18,74.206.32.9,10.122.119.215,3389,UDP,1474,7.56,RDP,1
2026-01-01 19:35:19,10.145.45.185,192.168.95.141,53,UDP,1341,7.6,DNS,0
2026-01-01 19:35:19,192.168.231.243,10.54.39.11,443,TCP,6018,3.32,HTTPS,0
2026-01-01 19:35:27,192.168.243.59,10.135.37.156,80,TCP,298,0.66,HTTP,0
2026-01-01 19:35:27,165.174.62.194,192.168.15.67,21,UDP,1509,0.82,FTP,2
2026-01-01 19:35:28,10.2.77.28,172.28.75.209,3389,TCP,1176,4.47,RDP,4
2026-01-01 19:35:30,140.162.1.209,10.185.158.109,443,UDP,6290,2.44,HTTPS,0
2026-01-01 19:35:37,10.125.239.104,172.16.43.127,80,TCP,3368,1.17,HTTP,0
2026-01-01 19:35:38,192.168.170.14,10.48.217.146,3389,UDP,2564,7.42,RDP,13
2026-01-01 19:35:39,172.23.9.237,192.168.190.20,443,UDP,8881,3.58,HTTPS,0
2026-01-01 19:35:39,10.0.231.120,192.168.211.95,80,TCP,8606,1.21,HTTP,0
2026-01-01 19:35:44,192.168.183.76,192.168.200.72,53,UDP,3111,6.65,DNS,0
2026-01-01 19:35:44,10.107.59.72,10.180.25.52,53,TCP,4621,6.79,DNS,0
2026-01-01 19:35:45,146.108.88.163,192.168.68.63,443,TCP,6779,4.48,HTTPS,0
2026-01-01 19:35:48,10.11.213.189,192.168.61.145,53,UDP,1504,4.55,DNS,0
2026-01-01 19:35:50,10.29.5.10,172.21.62.254,22,TCP,5025,2.39,SSH,5
2026-01-01 19:35:50,192.168.203.52,172.19.104.100,3389,TCP,940,5.03,RDP,2
2026-01-01 19:35:54,172.27.99.22,10.119.160.211,22,TCP,988,1.25,SSH,12
2026-01-01 19:35:55,192.168.162.199,172.17.239.251,53,UDP,7397,0.37,DNS,0
2026-01-02 15:09:37,192.168.168.26,10.252.8.16,21,UDP,1678,2.1,FTP,7
2026-01-02 15:09:37,192.168.46.98,172.17.235.35,445,UDP,6465,6.33,SMB,0
2026-01-02 15:09:43,10.38.57.31,172.26.215.240,80,TCP,1398,7.26,HTTP,0
2026-01-02 15:09:46,10.33.115.47,10.129.52.189,445,TCP,4489,0.06,SMB,0
2026-01-02 15:09:51,10.180.97.221,192.168.17.136,445,TCP,3496,1.78,SMB,0
2026-01-02 15:09:58,172.16.200.142,192.168.86.128,22,TCP,6473,3.72,SSH,4
2026-01-02 15:10:03,10.243.108.249,10.128.233.66,443,TCP,810,2.27,HTTPS,0
2026-01-02 15:10:07,192.168.158.17,172.18.47.21,22,TCP,4338,6.62,SSH,1
2026-01-02 15:10:10,172.29.148.67,10.111.169.121,53,TCP,6864,5.54,DNS,0
2026-01-02 15:10:15,10.109.145.121,10.250.146.1,3389,UDP,7642,3.54,RDP,12
2026-01-02 15:10:18,172.17.39.224,172.20.182.132,443,TCP,8698,5.14,HTTPS,0
2026-01-02 15:10:25,172.16.86.197,10.113.254.142,53,UDP,8882,7.71,DNS,0
2026-01-02 15:10:27,81.31.14.132,172.18.59.108,445,UDP,5174,2.14,SMB,0
2026-01-02 15:10:32,192.168.160.173,192.168.15.215,53,UDP,4555,7.08,DNS,0
2026-01-02 15:10:36,172.22.254.44,192.168.240.113,53,UDP,3008,3.53,DNS,0
2026-01-02 15:10:38,23.116.220.43,10.164.246.165,53,TCP,1305,5.36,DNS,0
2026-01-02 15:10:43,10.98.55.220,172.21.211.53,443,TCP,7666,6.23,HTTPS,0
2026-01-02 15:10:44,192.168.232.207,10.90.190.230,445,UDP,2835,0.95,SMB,0
2026-01-02 15:10:50,26.119.59.144,10.84.139.82,445,TCP,5705,1.45,SMB,0
2026-01-02 15:10:55,62.166.108.113,10.9.80.67,21,UDP,4558,1.76,FTP,8
2026-01-02 15:22:55,192.168.92.180,172.16.173.61,445,UDP,2515,2.83,SMB,0
2026-01-02 15:23:03,10.133.149.218,192.168.137.12,443,TCP,6517,5.38,HTTPS,0
2026-01-02 15:23:10,185.212.77.207,172.26.154.52,80,TCP,5681,7.85,HTTP,0
2026-01-02 15:23:20,192.168.22.119,172.23.77.16,53,UDP,7787,4.42,DNS,0
2026-01-02 15:23:32,192.168.5.115,192.168.156.140,3389,UDP,7697,1.81,RDP,4
2026-01-02 15:23:40,200.38.167.183,10.178.185.49,443,TCP,2029,4.47,HTTPS,0
2026-01-02 15:23:50,10.43.246.55,10.209.148.199,21,TCP,5660,7.39,FTP,4
2026-01-02 15:24:02,192.168.65.27,10.194.105.194,445,UDP,8794,5.66,SMB,0
2026-01-02 15:24:08,151.110.161.74,10.188.152.162,80,TCP,5331,2.16,HTTP,0
2026-01-02 15:24:20,144.74.32.88,192.168.16.122,80,UDP,409,2.19,HTTP,0
2026-01-02 15:24:29,217.239.47.93,172.22.45.10,443,TCP,8001,2.43,HTTPS,0
2026-01-02 15:24:41,148.74.216.196,172.16.234.135,80,TCP,1965,5.77,HTTP,0
2026-01-02 15:24:48,10.41.208.12,10.184.37.30,80,UDP,1829,6.06,HTTP,0
2026-01-02 15:25:00,129.113.138.65,172.26.228.10,3389,UDP,3118,6.35,RDP,7
2026-01-02 15:25:06,206.135.217.59,172.31.18.180,21,UDP,2763,1.89,FTP,13
2026-01-02 15:27:28,52.74.20.164,172.20.78.212,3389,UDP,5597,6.83,RDP,10
2026-01-02 15:27:35,63.24.70.116,172.30.46.217,443,TCP,4272,0.24,HTTPS,0
2026-01-02 15:27:43,102.219.245.70,192.168.219.183,445,TCP,3582,3.86,SMB,0
2026-01-02 15:27:54,92.210.221.174,172.25.153.92,53,TCP,3248,2.55,DNS,0
2026-01-02 15:28:03,172.27.200.162,192.168.105.170,53,UDP,4527,7.9,DNS,0
2026-01-02 15:28:08,192.168.253.15,172.27.152.153,3389,TCP,7322,5.89,RDP,3
2026-01-02 15:28:20,171.57.173.150,172.22.65.65,53,TCP,7714,6.56,DNS,0
2026-01-02 15:28:32,192.168.109.252,192.168.118.217,22,TCP,6009,4.41,SSH,3
2026-01-02 15:28:38,172.27.128.171,10.27.177.75,22,UDP,299,2.64,SSH,7
2026-01-02 15:28:45,10.213.207.66,172.18.14.74,53,UDP,261,1.52,DNS,0
2026-01-02 15:28:57,10.116.92.64,172.17.67.47,3389,TCP,3312,6.25,RDP,13
2026-01-02 15:29:09,138.207.161.87,172.17.182.180,53,UDP,2554,7.43,DNS,0
2026-01-02 15:29:16,172.21.149.109,172.25.193.216,80,UDP,6053,2.08,HTTP,0
2026-01-02 15:29:24,78.170.8.109,192.168.190.140,53,UDP,5150,0.67,DNS,0
2026-01-02 15:29:33,192.168.253.43,192.168.227.250,21,UDP,3242,5.64,FTP,14
2026-01-02 15:29:44,172.31.44.218,192.168.194.177,53,TCP,7854,6.04,DNS,0
2026-01-02 15:29:49,10.57.214.193,172.24.142.179,53,UDP,8087,2.19,DNS,0
2026-01-02 15:29:55,37.21.123.161,172.27.227.111,22,UDP,7625,3.18,SSH,7
2026-01-02 15:30:03,172.27.137.119,172.26.65.248,445,TCP,5635,7.66,SMB,0
2026-01-02 15:30:13,176.91.107.7,192.168.163.48,443,TCP,6917,6.28,HTTPS,0
2026-01-02 15:30:23,192.168.187.132,10.208.140.208,22,UDP,1474,2.91,SSH,14
2026-01-02 15:30:28,10.61.48.207,10.78.219.156,3389,UDP,5517,0.37,RDP,8
2026-01-02 15:30:37,10.217.211.48,10.195.213.56,80,UDP,5139,6.89,HTTP,0
2026-01-02 15:30:46,192.168.32.240,10.233.155.128,21,UDP,763,4.18,FTP,5
2026-01-02 15:30:52,133.218.208.126,10.90.174.192,80,TCP,4522,2.42,HTTP,0
2026-01-02 15:31:01,192.168.228.220,10.49.201.60,3389,UDP,3133,0.58,RDP,4
2026-01-02 15:31:11,172.26.38.188,10.161.50.254,3389,UDP,3641,5.12,RDP,8
2026-01-02 15:31:18,51.212.175.140,192.168.227.208,80,UDP,2801,2.8,HTTP,0
2026-01-02 15:31:28,10.63.135.246,192.168.14.241,3389,TCP,384,2.69,RDP,6
2026-01-02 15:31:35,168.238.196.41,172.25.106.19,53,UDP,4000,4.29,DNS,0
2026-01-02 15:31:47,192.168.173.65,192.168.34.247,443,UDP,2223,7.19,HTTPS,0
2026-01-02 15:31:53,10.12.215.157,192.168.84.227,3389,TCP,7523,5.01,RDP,10
2026-01-02 15:32:02,10.223.155.57,192.168.153.124,22,UDP,4084,1.91,SSH,11
2026-01-02 15:32:14,68.236.26.96,10.46.168.78,53,UDP,3849,2.74,DNS,0
2026-01-02 15:32:23,192.168.119.26,192.168.200.211,445,TCP,3216,4.13,SMB,0
2026-01-02 15:32:28,172.29.87.106,10.56.114.9,445,UDP,1886,3.99,SMB,0
2026-01-02 15:32:36,10.123.245.209,10.183.128.136,22,UDP,7765,7.52,SSH,15
2026-01-02 15:32:42,19.27.121.121,172.17.196.72,445,UDP,5877,5.2,SMB,0
2026-01-02 15:32:55,192.168.175.14,192.168.72.142,80,TCP,3111,4.21,HTTP,0
2026-01-02 15:33:04,192.38.169.27,192.168.73.92,80,TCP,855,4.34,HTTP,0
2026-01-02 15:33:09,72.54.7.176,172.19.39.153,3389,UDP,3742,5.46,RDP,9
2026-01-02 15:33:21,118.238.89.231,10.168.89.106,445,TCP,4372,5.41,SMB,0
2026-01-02 15:33:30,10.91.235.50,172.30.84.243,53,TCP,3544,4.59,DNS,0
2026-01-02 15:33:38,57.39.3.9,10.27.145.249,22,TCP,4787,1.41,SSH,4
2026-01-02 15:33:48,172.26.139.242,192.168.97.60,80,TCP,1004,3.54,HTTP,0
2026-01-02 15:33:59,172.22.170.144,172.16.50.205,445,TCP,2769,6.62,SMB,0
2026-01-02 15:34:21,170.160.19.225,10.149.240.98,3389,TCP,4137,6.99,RDP,6
2026-01-02 15:34:32,192.168.235.81,192.168.186.62,445,TCP,4870,0.82,SMB,0
2026-01-02 15:34:42,117.28.132.207,172.29.88.92,3389,TCP,3410,7.3,RDP,1
2026-01-02 15:34:49,10.72.126.185,192.168.150.109,3389,TCP,8495,3.22,RDP,3
2026-01-02 15:34:59,10.31.2.101,172.23.133.5,443,UDP,4996,7.11,HTTPS,0
2026-01-02 15:35:06,68.9.70.211,192.168.45.2,21,TCP,7714,7.36,FTP,5
2026-01-02 15:35:16,172.22.177.186,172.29.39.147,53,UDP,3026,4.99,DNS,0
2026-01-02 15:35:23,192.168.71.91,172.30.58.254,22,TCP,6448,2.03,SSH,13
2026-01-02 15:35:29,192.168.169.204,10.82.27.126,445,TCP,1207,2.69,SMB,0
2026-01-02 15:35:40,93.119.23.217,10.58.132.153,21,TCP,733,5.33,FTP,12
2026-01-02 15:35:47,192.168.232.138,192.168.146.36,80,UDP,3796,1.43,HTTP,0
2026-01-02 15:35:58,119.19.186.182,192.168.248.172,445,TCP,2657,2.06,SMB,0
2026-01-02 15:36:06,172.18.175.219,10.14.144.82,3389,UDP,6486,0.78,RDP,10
2026-01-02 15:36:12,172.28.137.102,10.80.62.101,22,UDP,965,1.07,SSH,9
2026-01-02 15:36:19,10.86.245.6,10.2.174.179,21,UDP,6368,0.45,FTP,0
2026-01-02 15:36:25,58.3.1.153,192.168.188.126,21,TCP,4063,1.43,FTP,12
2026-01-02 15:36:37,10.204.6.218,172.22.218.137,445,UDP,424,0.65,SMB,0
2026-01-02 15:36:44,219.138.33.168,192.168.228.191,3389,UDP,5402,7.16,RDP,3
2026-01-02 15:36:56,10.216.139.116,192.168.224.139,21,TCP,7237,3.94,FTP,1
2026-01-02 15:37:01,172.18.111.59,192.168.117.53,443,UDP,3739,1.8,HTTPS,0
2026-01-02 15:37:13,192.168.208.20,10.80.243.203,443,TCP,4764,7.48,HTTPS,0
2026-01-02 15:37:24,10.87.170.74,192.168.97.205,80,TCP,4882,3.76,HTTP,0
2026-01-02 15:37:32,146.119.110.240,192.168.77.183,445,TCP,8064,4.87,SMB,0
2026-01-02 15:37:42,192.168.157.155,192.168.62.107,22,UDP,8145,3.91,SSH,0
2026-01-02 15:37:52,10.162.223.202,10.178.26.181,445,TCP,4423,3.84,SMB,0
2026-01-02 15:38:00,172.23.207.52,172.20.143.209,80,TCP,2006,2.66,HTTP,0
2026-01-02 15:38:07,192.168.57.160,192.168.253.16,21,TCP,8548,5.96,FTP,8
2026-01-02 15:38:14,192.168.228.178,192.168.220.200,80,TCP,3708,4.33,HTTP,0
2026-01-02 15:38:20,51.142.40.86,192.168.204.91,3389,TCP,7455,1.92,RDP,5
2026-01-02 15:38:29,124.18.136.190,192.168.190.142,21,UDP,1032,7.27,FTP,7
2026-01-02 15:38:38,10.163.163.6,172.27.94.32,443,UDP,7313,1.79,HTTPS,0
2026-01-02 15:38:43,10.33.12.217,192.168.172.227,53,TCP,1404,4.08,DNS,0
2026-01-02 15:38:48,10.167.197.83,192.168.24.98,80,UDP,1754,2.97,HTTP,0
2026-01-02 15:38:54,152.9.41.199,10.105.196.211,21,UDP,6826,4.42,FTP,11
2026-01-02 15:39:02,10.82.168.140,10.219.87.89,3389,UDP,3839,1.21,RDP,7
2026-01-02 15:39:12,108.239.145.82,10.164.193.189,3389,TCP,3341,6.67,RDP,5
2026-01-02 15:39:19,153.73.58.232,10.39.184.215,3389,UDP,4310,0.8,RDP,9
2026-01-02 15:39:28,172.23.245.242,192.168.201.118,443,TCP,3182,5.47,HTTPS,0
2026-01-02 15:39:36,172.26.247.33,192.168.69.160,53,TCP,4952,3.48,DNS,0
2026-01-02 15:39:42,172.23.233.63,192.168.115.165,21,UDP,4467,7.1,FTP,12
2026-01-02 15:39:51,172.23.118.252,192.168.176.86,445,UDP,4269,5.54,SMB,0
2026-01-02 15:40:02,172.27.139.166,172.28.15.138,445,UDP,2112,6.94,SMB,0
2026-01-02 15:40:11,172.18.240.143,10.114.140.71,53,TCP,7009,7.31,DNS,0
2026-01-02 15:40:19,166.47.235.42,192.168.154.231,22,UDP,7345,6.0,SSH,9
2026-01-02 15:40:29,192.168.211.7,10.88.8.161,3389,TCP,383,7.06,RDP,9
2026-01-02 15:40:34,172.30.216.65,172.23.242.94,443,TCP,1540,4.99,HTTPS,0
2026-01-02 15:40:39,172.27.68.166,192.168.226.232,3389,UDP,4746,3.46,RDP,10
2026-01-02 15:40:49,172.19.88.14,172.16.84.235,80,TCP,8561,3.86,HTTP,0
2026-01-02 15:40:58,172.25.253.154,172.29.3.20,3389,TCP,3057,6.9,RDP,12
2026-01-02 15:41:09,41.131.190.165,10.254.31.133,21,UDP,6897,4.37,FTP,11
2026-01-02 15:41:17,192.168.21.95,10.53.28.56,53,UDP,1169,2.48,DNS,0
2026-01-02 15:43:44,172.17.205.73,10.75.239.201,53,TCP,7510,5.25,DNS,0
2026-01-02 15:43:55,192.168.125.163,192.168.4.137,80,UDP,6718,2.72,HTTP,0
2026-01-02 15:44:07,157.53.224.150,172.27.12.107,80,TCP,546,5.91,HTTP,0
2026-01-02 15:44:15,10.24.61.146,10.186.147.113,443,UDP,7606,6.48,HTTPS,0
2026-01-02 19:40:43,172.19.184.127,172.23.198.203,443,TCP,879,6.35,HTTPS,0
2026-01-02 19:40:53,10.169.188.237,192.168.36.83,22,UDP,612,1.93,SSH,11
2026-01-02 19:41:04,10.190.0.31,10.141.129.24,443,UDP,4677,0.47,HTTPS,0
2026-01-02 19:41:10,172.25.100.172,192.168.191.228,53,TCP,4251,5.56,DNS,0
2026-01-02 19:41:19,30.66.126.166,192.168.208.75,80,UDP,3259,0.43,HTTP,0
2026-01-02 19:41:29,192.168.171.249,192.168.91.95,80,TCP,4701,1.14,HTTP,0
2026-01-02 19:41:36,10.117.102.58,192.168.160.5,21,TCP,4907,5.77,FTP,1
2026-01-02 19:41:45,172.31.148.250,10.120.147.156,445,UDP,2931,6.12,SMB,0
2026-01-02 19:41:54,157.189.225.85,192.168.117.72,21,UDP,519,7.65,FTP,0
2026-01-02 19:42:02,172.16.193.100,10.219.185.12,443,UDP,3773,1.86,HTTPS,0
2026-01-02 19:42:14,25.39.116.64,172.19.190.144,22,TCP,8803,0.35,SSH,3
2026-01-02 19:42:23,172.25.130.189,10.138.10.224,443,UDP,2763,7.98,HTTPS,0
2026-01-02 19:42:29,172.21.84.47,192.168.26.127,445,UDP,2352,1.87,SMB,0
2026-01-02 19:42:34,172.26.231.200,172.19.140.18,80,UDP,367,5.05,HTTP,0
2026-01-02 19:42:46,172.16.75.111,192.168.251.58,443,UDP,1765,0.19,HTTPS,0
2026-01-02 19:42:53,172.16.74.226,172.17.12.212,53,TCP,6591,2.56,DNS,0
2026-01-02 19:43:04,192.168.254.242,172.23.98.120,53,TCP,3304,7.85,DNS,0
2026-01-02 19:43:14,10.44.131.191,192.168.195.207,3389,TCP,5058,6.19,RDP,8
2026-01-02 19:43:24,192.168.20.151,172.30.77.40,3389,UDP,5092,1.03,RDP,0
2026-01-02 19:43:31,192.168.185.232,10.244.212.220,80,UDP,5729,3.71,HTTP,0
2026-01-02 19:43:36,172.23.38.202,10.105.129.207,21,UDP,412,1.9,FTP,5
2026-01-02 19:43:45,172.30.101.60,192.168.46.73,3389,TCP,4379,1.98,RDP,1
2026-01-02 19:43:56,35.230.53.101,172.21.56.195,3389,TCP,1018,1.18,RDP,11
2026-01-02 19:44:02,10.84.229.85,10.195.176.249,21,TCP,2835,4.51,FTP,3
2026-01-02 19:44:11,54.62.193.140,192.168.69.9,443,UDP,5959,3.76,HTTPS,0
2026-01-02 19:44:19,172.30.23.139,192.168.20.15,443,UDP,5418,7.84,HTTPS,0
2026-01-02 19:44:26,192.168.249.98,172.20.48.81,53,UDP,6784,6.25,DNS,0
2026-01-02 19:44:37,88.42.30.83,192.168.223.220,443,UDP,3391,7.65,HTTPS,0
2026-01-02 19:44:43,172.28.237.186,172.21.41.48,80,TCP,6184,2.34,HTTP,0
2026-01-02 19:44:51,172.21.37.210,192.168.120.51,443,UDP,6352,6.87,HTTPS,0
2026-01-02 19:44:57,10.161.74.75,172.26.167.67,445,UDP,4853,7.55,SMB,0
2026-01-02 19:45:06,172.27.246.151,10.246.1.95,443,TCP,624,2.91,HTTPS,0
2026-01-02 19:45:12,172.21.235.187,10.3.27.123,53,TCP,6077,0.53,DNS,0
2026-01-02 19:45:21,10.55.40.161,192.168.191.40,21,UDP,2512,7.86,FTP,7
2026-01-02 19:45:27,172.31.145.134,172.24.97.149,3389,UDP,8275,4.0,RDP,15
2026-01-02 19:45:34,172.27.23.165,192.168.175.39,3389,TCP,276,3.51,RDP,14
2026-01-02 19:45:46,192.168.67.123,172.29.74.192,21,UDP,1570,4.05,FTP,9
2026-01-02 19:45:52,67.122.218.190,10.127.107.229,445,TCP,5063,7.98,SMB,0
2026-01-02 19:45:58,172.19.181.83,10.190.1.205,22,TCP,599,7.89,SSH,14
2026-01-02 19:46:07,192.168.133.219,10.43.16.210,445,UDP,2678,6.41,SMB,0
2026-01-02 19:46:15,10.6.30.141,172.24.21.189,21,TCP,5285,1.45,FTP,2
2026-01-02 19:46:23,192.168.27.152,192.168.8.210,443,UDP,2541,2.18,HTTPS,0
2026-01-02 19:46:34,192.168.19.196,172.28.52.2,53,UDP,2339,5.81,DNS,0
2026-01-02 19:46:43,197.149.171.126,192.168.199.119,21,UDP,6800,3.28,FTP,13
2026-01-02 19:46:51,10.140.89.237,192.168.4.118,80,TCP,1344,0.74,HTTP,0
2026-01-02 19:47:01,172.25.147.55,172.24.106.221,443,TCP,8009,1.81,HTTPS,0
2026-01-02 19:47:13,172.29.0.172,172.22.182.203,3389,UDP,7235,0.45,RDP,8
2026-01-02 19:47:18,172.20.82.23,192.168.149.210,445,UDP,1172,6.81,SMB,0
2026-01-02 19:47:29,172.19.184.163,10.177.24.220,21,TCP,7017,4.11,FTP,13
2026-01-02 19:47:38,192.168.65.148,172.24.34.125,53,UDP,7847,5.34,DNS,0
2026-01-02 19:47:49,74.35.113.197,10.157.158.19,445,UDP,272,6.1,SMB,0
2026-01-02 19:47:59,10.217.208.233,10.236.146.241,22,UDP,7096,4.54,SSH,5
2026-01-02 19:48:05,192.168.158.167,172.31.238.100,21,UDP,6530,7.4,FTP,2
2026-01-02 19:48:12,192.168.107.72,10.52.79.47,80,TCP,4144,0.36,HTTP,0
2026-01-02 19:48:20,114.251.100.236,172.21.171.53,80,UDP,2531,2.07,HTTP,0
2026-01-02 19:48:30,172.30.37.7,192.168.197.193,3389,UDP,7703,3.1,RDP,6
2026-01-02 19:48:39,74.245.20.97,192.168.173.70,53,TCP,8198,2.54,DNS,0
2026-01-02 19:48:46,192.168.2.208,192.168.94.65,80,UDP,8844,3.96,HTTP,0
2026-01-02 19:48:57,192.168.122.169,192.168.213.226,443,UDP,248,1.76,HTTPS,0
2026-01-02 19:49:02,10.33.111.135,192.168.218.240,21,TCP,4639,6.5,FTP,12
2026-01-02 19:49:12,95.162.10.169,172.16.226.21,3389,TCP,4840,4.75,RDP,14
2026-01-02 19:49:19,173.177.141.93,192.168.250.84,443,UDP,3137,1.15,HTTPS,0
2026-01-02 19:49:26,10.227.106.138,10.140.129.75,445,UDP,5713,7.46,SMB,0
2026-01-02 19:49:35,222.79.148.93,172.20.103.79,445,TCP,1059,6.97,SMB,0
2026-01-02 19:49:47,83.78.207.32,192.168.209.24,22,UDP,1230,7.21,SSH,3
2026-01-02 19:49:52,172.23.71.224,192.168.245.199,53,UDP,3292,1.57,DNS,0
2026-01-02 19:49:58,10.24.215.72,172.21.2.58,443,UDP,4014,2.54,HTTPS,0
2026-01-02 19:50:08,172.20.125.105,192.168.124.45,3389,UDP,8307,6.51,RDP,3
2026-01-02 19:50:17,192.168.64.90,10.152.178.25,80,TCP,7784,0.83,HTTP,0
2026-01-02 19:50:29,89.24.169.32,192.168.84.108,445,UDP,6931,2.99,SMB,0
2026-01-02 19:50:40,10.172.193.235,10.20.1.124,80,UDP,2121,7.21,HTTP,0
2026-01-02 19:50:50,56.177.142.217,192.168.172.23,3389,TCP,5554,0.55,RDP,8
2026-01-02 19:51:01,192.168.59.140,10.83.76.124,80,TCP,7781,5.97,HTTP,0
2026-01-02 19:51:07,192.168.102.120,10.184.204.169,3389,TCP,846,0.37,RDP,7
2026-01-02 19:51:12,192.168.193.201,192.168.110.85,21,UDP,970,2.26,FTP,2
2026-01-02 19:51:18,64.33.190.68,10.100.87.108,443,TCP,3801,3.58,HTTPS,0
2026-01-02 19:51:27,172.31.101.131,10.38.158.77,53,TCP,6487,4.09,DNS,0
2026-01-02 19:51:35,192.168.39.107,172.20.79.106,53,TCP,211,5.51,DNS,0
2026-01-02 19:51:42,172.24.124.8,172.25.243.247,80,UDP,4046,7.6,HTTP,0
2026-01-02 19:51:49,10.250.26.172,192.168.41.190,22,TCP,6921,4.54,SSH,5
2026-01-02 19:51:57,172.41.97.14,10.116.90.189,22,TCP,2890,3.08,SSH,15
2026-01-02 19:52:04,40.99.251.22,10.251.222.136,80,UDP,4712,1.31,HTTP,0
2026-01-02 19:52:10,71.56.15.149,10.209.184.101,80,UDP,8820,7.89,HTTP,0
2026-01-02 19:52:21,197.10.82.191,10.117.242.181,21,UDP,6613,5.03,FTP,15
2026-01-02 19:52:29,10.152.151.31,172.26.45.169,22,TCP,6485,3.43,SSH,5
2026-01-02 19:52:39,10.45.72.117,10.135.245.59,21,TCP,5946,1.43,FTP,4
2026-01-02 19:52:48,192.168.234.238,172.24.62.70,53,TCP,409,6.18,DNS,0
2026-01-02 19:52:56,107.150.33.53,192.168.216.204,3389,UDP,3565,6.67,RDP,14
2026-01-02 19:53:05,10.78.137.47,192.168.132.74,445,TCP,5599,1.07,SMB,0
2026-01-02 19:53:12,172.19.158.17,172.28.155.183,3389,UDP,4352,4.31,RDP,10
2026-01-02 19:53:21,180.44.57.8,192.168.207.182,21,UDP,5612,4.38,FTP,7
2026-01-02 19:53:31,172.21.48.49,172.18.172.221,53,TCP,6647,3.97,DNS,0
2026-01-02 19:53:38,80.194.255.222,10.14.33.228,445,UDP,4279,5.23,SMB,0
2026-01-02 19:53:50,213.162.94.59,192.168.210.203,3389,TCP,5688,3.83,RDP,11
2026-01-02 19:53:59,10.101.199.105,192.168.10.237,53,UDP,6445,0.65,DNS,0
2026-01-02 19:54:07,10.208.234.177,172.25.229.198,21,TCP,5800,5.74,FTP,2
2026-01-02 19:54:14,10.233.44.164,172.20.203.192,445,UDP,8358,4.0,SMB,0
2026-01-02 19:54:22,192.168.21.237,192.168.236.23,3389,UDP,2966,2.78,RDP,3
2026-01-02 19:54:34,172.17.197.176,192.168.180.204,445,TCP,3003,5.95,SMB,0
2026-01-02 19:54:39,120.145.238.80,10.186.47.201,80,UDP,3064,6.54,HTTP,0
2026-01-02 19:54:46,29.217.159.60,192.168.189.13,445,UDP,1756,1.65,SMB,0
2026-01-02 19:54:54,172.16.100.73,10.210.65.21,3389,TCP,2919,4.28,RDP,3
2026-01-02 19:54:59,20.49.18.174,10.5.246.104,443,UDP,5298,3.36,HTTPS,0
2026-01-02 19:55:08,192.168.186.203,192.168.46.137,3389,TCP,5071,5.99,RDP,7
2026-01-02 19:55:13,192.168.171.26,192.168.21.163,80,TCP,7040,2.06,HTTP,0
2026-01-02 19:55:20,172.16.63.127,172.18.188.154,80,UDP,6782,1.73,HTTP,0
2026-01-02 19:55:25,137.69.101.52,10.252.38.208,22,UDP,2797,1.57,SSH,5
2026-01-02 19:55:37,198.22.97.80,192.168.184.42,53,UDP,3867,2.67,DNS,0
2026-01-02 19:55:45,192.168.237.97,10.208.62.110,22,TCP,1397,5.63,SSH,6
2026-01-02 19:55:51,192.168.196.203,172.23.237.134,445,UDP,2055,7.64,SMB,0
2026-01-02 19:55:56,172.26.106.238,10.177.62.204,3389,UDP,3112,3.67,RDP,8
2026-01-02 19:56:07,172.19.229.125,10.45.4.96,3389,TCP,442,2.19,RDP,3
2026-01-02 19:56:19,124.212.64.231,172.24.79.166,443,UDP,4184,1.34,HTTPS,0
2026-01-02 19:56:28,172.28.90.240,10.126.68.160,21,UDP,3795,6.39,FTP,1
2026-01-02 19:56:40,172.16.129.41,172.28.114.239,22,UDP,4760,4.96,SSH,3
2026-01-02 19:56:50,103.16.80.219,10.123.97.47,445,TCP,1142,3.98,SMB,0
2026-01-02 19:56:56,172.17.183.211,192.168.164.130,3389,TCP,3402,3.97,RDP,7
2026-01-02 19:57:07,172.30.75.114,172.24.210.58,53,TCP,4675,7.52,DNS,0
2026-01-02 19:57:17,168.128.59.232,10.235.68.14,443,UDP,5805,7.89,HTTPS,0
2026-01-02 19:57:27,172.16.224.46,192.168.212.3,22,UDP,3806,3.75,SSH,8
2026-01-02 19:57:35,10.92.181.79,10.159.233.184,21,TCP,4972,0.35,FTP,9
2026-01-02 19:57:47,10.65.207.176,192.168.125.163,80,TCP,1094,4.42,HTTP,0
2026-01-02 19:57:56,105.36.213.150,172.27.35.64,22,TCP,347,6.49,SSH,13
2026-01-02 19:58:03,10.210.20.114,10.130.197.142,3389,UDP,4294,3.44,RDP,5
2026-01-02 19:58:11,184.4.161.110,192.168.163.137,80,TCP,7207,1.25,HTTP,0
2026-01-02 19:58:22,220.23.88.229,172.27.224.105,443,UDP,6179,4.96,HTTPS,0
2026-01-02 19:58:32,10.12.203.125,192.168.69.172,443,TCP,4019,4.39,HTTPS,0
2026-01-02 19:58:38,213.245.171.124,10.154.66.50,22,UDP,7283,5.54,SSH,15
2026-01-02 19:58:49,172.17.250.237,172.23.209.176,443,TCP,1723,6.23,HTTPS,0
2026-01-02 19:58:58,10.16.212.34,172.19.164.109,22,TCP,6234,6.32,SSH,5
2026-01-02 19:59:06,10.191.49.134,172.29.14.231,443,UDP,4755,3.83,HTTPS,0
2026-01-02 19:59:14,10.53.188.42,192.168.74.138,53,TCP,906,3.86,DNS,0
2026-01-02 19:59:21,10.205.135.205,192.168.87.227,3389,UDP,1133,7.06,RDP,10
2026-01-02 19:59:32,10.149.94.164,192.168.246.204,445,UDP,205,7.73,SMB,0
2026-01-02 19:59:40,168.83.195.9,192.168.202.201,22,UDP,8567,5.3,SSH,11
2026-01-02 19:59:47,192.168.227.240,10.124.182.250,22,UDP,5752,1.33,SSH,0
2026-01-02 19:59:58,162.60.50.65,172.26.202.180,445,UDP,4421,4.8,SMB,0
2026-01-02 20:00:09,10.113.20.21,172.30.248.82,3389,UDP,7331,0.86,RDP,6
2026-01-02 20:00:17,69.239.72.93,10.173.192.65,443,UDP,6308,3.05,HTTPS,0
2026-01-02 20:00:22,192.168.104.202,172.26.172.73,22,UDP,203,2.2,SSH,12
2026-01-02 20:00:32,193.175.235.157,10.238.156.243,21,UDP,4933,2.97,FTP,2
2026-01-02 20:00:37,172.18.97.73,192.168.161.241,21,UDP,3482,7.27,FTP,3
2026-01-02 20:00:44,172.29.3.210,192.168.229.93,3389,TCP,367,1.72,RDP,4
2026-01-02 20:00:53,10.23.68.165,10.95.98.117,443,TCP,4706,0.2,HTTPS,0
2026-01-02 20:00:58,172.26.3.84,172.30.148.93,445,TCP,8248,6.65,SMB,0
2026-01-02 20:01:03,192.168.177.112,10.49.194.139,22,TCP,1197,5.36,SSH,8
2026-01-02 20:01:12,192.168.219.112,172.17.158.111,3389,TCP,4462,7.25,RDP,1
2026-01-02 20:01:18,19.19.225.243,192.168.162.69,80,UDP,2693,0.2,HTTP,0
2026-01-02 20:01:23,10.148.210.155,192.168.118.107,22,TCP,7282,7.56,SSH,13
2026-01-02 20:01:29,192.168.197.57,10.67.122.180,3389,TCP,7918,4.37,RDP,6
2026-01-02 20:01:39,139.81.84.95,172.19.235.35,3389,TCP,820,5.88,RDP,10
2026-01-02 20:01:44,192.168.100.73,172.25.93.170,53,UDP,3582,4.89,DNS,0
2026-01-02 20:01:56,192.168.177.109,192.168.77.46,445,TCP,422,1.34,SMB,0
2026-01-02 20:02:03,10.36.167.84,10.20.74.160,80,UDP,6375,5.46,HTTP,0
2026-01-02 20:02:13,10.20.223.179,172.24.61.147,3389,TCP,8357,3.22,RDP,9
2026-01-02 20:02:19,10.111.30.30,192.168.238.94,22,TCP,8596,3.82,SSH,14
2026-01-02 20:02:29,172.27.206.198,10.194.46.127,22,UDP,6570,7.57,SSH,4
2026-01-02 20:02:38,63.230.218.144,172.17.21.158,445,UDP,4664,1.27,SMB,0
2026-01-02 20:02:44,10.29.25.216,192.168.127.100,443,UDP,880,3.9,HTTPS,0
2026-01-02 20:02:55,172.23.215.181,172.18.89.75,22,TCP,6911,0.11,SSH,14
2026-01-02 20:03:06,172.18.169.64,10.201.227.113,22,UDP,6443,3.87,SSH,7
2026-01-02 20:03:18,172.18.33.147,192.168.99.203,21,UDP,311,6.07,FTP,3
2026-01-02 20:03:26,192.168.194.142,10.29.19.47,445,TCP,1796,6.95,SMB,0
2026-01-02 20:03:38,192.168.59.252,10.74.94.57,3389,TCP,5247,1.81,RDP,8
2026-01-02 20:03:46,10.145.155.244,192.168.133.187,53,UDP,2529,4.15,DNS,0
2026-01-02 20:03:57,172.26.1.164,192.168.48.47,21,TCP,8336,7.46,FTP,5
2026-01-02 20:04:09,192.168.66.120,192.168.160.207,443,UDP,6218,5.01,HTTPS,0
2026-01-02 20:04:18,10.69.221.157,10.140.68.162,443,UDP,3180,1.73,HTTPS,0
2026-01-02 20:04:28,192.168.83.124,10.213.44.233,445,TCP,7528,3.84,SMB,0
2026-01-02 20:04:36,10.225.245.17,172.31.28.155,80,TCP,4829,5.98,HTTP,0
2026-01-02 20:04:44,192.168.166.5,192.168.28.194,443,UDP,7150,5.15,HTTPS,0
2026-01-02 20:04:52,10.178.113.68,10.108.122.180,443,UDP,8283,4.44,HTTPS,0
2026-01-02 20:04:57,172.23.79.246,172.30.40.129,53,TCP,5284,2.29,DNS,0
2026-01-02 20:05:04,183.28.156.195,172.23.184.6,443,TCP,5545,2.1,HTTPS,0
2026-01-02 20:05:14,192.168.117.119,10.143.221.21,53,TCP,351,0.85,DNS,0
2026-01-02 20:05:20,10.203.42.45,10.226.22.78,22,TCP,8100,7.69,SSH,4
2026-01-02 20:05:28,192.168.30.249,10.174.120.110,22,TCP,1354,2.55,SSH,13
2026-01-02 20:05:35,172.22.110.216,10.247.91.14,3389,TCP,3952,0.49,RDP,8
2026-01-02 20:05:43,10.108.205.254,172.21.253.207,80,TCP,6602,5.82,HTTP,0
2026-01-02 20:05:54,192.168.58.185,192.168.188.154,445,UDP,5314,0.28,SMB,0
2026-01-02 20:06:04,218.38.183.211,172.17.125.240,3389,UDP,5832,3.49,RDP,7
2026-01-02 20:06:10,10.170.18.163,192.168.42.83,22,UDP,5527,1.99,SSH,11
2026-01-02 20:06:16,172.30.223.6,172.22.104.244,80,TCP,4165,4.16,HTTP,0
2026-01-02 20:06:24,172.24.17.220,172.19.17.54,80,TCP,2522,6.01,HTTP,0
2026-01-02 20:06:35,192.168.186.210,172.27.91.231,3389,UDP,2810,4.77,RDP,0
2026-01-02 20:06:46,172.19.147.181,172.19.144.235,53,UDP,8299,3.91,DNS,0
2026-01-02 20:06:53,13.104.47.97,172.30.19.70,443,UDP,4344,3.62,HTTPS,0
2026-01-02 20:07:00,172.24.249.86,10.200.86.106,445,TCP,1852,7.9,SMB,0
2026-01-02 20:07:06,192.168.215.188,10.101.201.153,443,TCP,4990,2.4,HTTPS,0
2026-01-02 20:07:14,10.196.8.200,192.168.10.19,53,UDP,6981,0.49,DNS,0
2026-01-02 20:07:20,192.168.86.2,192.168.234.150,445,UDP,6890,5.81,SMB,0
2026-01-02 20:07:32,174.243.179.151,10.30.57.153,53,TCP,5681,4.14,DNS,0
2026-01-02 20:07:43,10.152.75.72,172.28.113.29,80,UDP,205,1.47,HTTP,0
2026-01-02 20:07:50,192.168.95.161,10.87.174.35,80,TCP,6964,6.03,HTTP,0
2026-01-02 20:07:59,174.196.130.185,192.168.203.172,445,TCP,2936,3.17,SMB,0
2026-01-02 20:08:06,159.50.118.168,172.23.197.145,445,TCP,4632,5.3,SMB,0
2026-01-02 20:08:14,10.214.150.87,192.168.204.134,53,UDP,6709,3.16,DNS,0
2026-01-02 20:08:23,112.149.64.207,172.27.102.162,80,TCP,4024,2.43,HTTP,0
2026-01-02 20:08:32,10.163.218.204,172.31.13.23,21,TCP,1058,1.25,FTP,11
2026-01-02 20:08:43,24.32.147.52,10.224.173.7,3389,TCP,8454,6.88,RDP,9
2026-01-02 20:08:50,52.149.179.252,172.20.173.146,22,UDP,998,6.35,SSH,9
2026-01-02 20:08:56,172.29.126.130,10.153.145.59,21,TCP,6641,2.63,FTP,11
2026-01-02 20:09:01,172.17.205.33,192.168.219.156,53,UDP,1787,0.29,DNS,0
2026-01-02 20:09:11,10.110.56.64,192.168.194.33,443,UDP,4587,6.42,HTTPS,0
2026-01-02 20:09:18,192.168.198.6,192.168.8.118,22,TCP,5954,2.18,SSH,2
2026-01-02 20:09:24,172.30.54.25,10.100.99.220,21,TCP,2968,7.17,FTP,1
2026-01-02 20:09:34,193.162.220.218,10.151.89.221,22,TCP,7233,7.17,SSH,2
2026-01-02 20:09:46,10.35.216.113,192.168.181.94,22,TCP,6950,2.12,SSH,15
2026-01-02 20:09:58,192.168.80.16,10.7.26.168,80,TCP,744,1.71,HTTP,0
2026-01-02 20:10:09,127.11.107.181,10.210.82.180,443,TCP,1682,4.39,HTTPS,0
2026-01-02 20:10:20,10.55.142.179,192.168.194.181,443,UDP,3859,1.88,HTTPS,0
2026-01-02 20:10:28,185.180.136.71,10.117.214.209,53,TCP,993,1.98,DNS,0
2026-01-02 20:10:37,192.168.40.249,172.20.13.68,53,TCP,1803,7.93,DNS,0
2026-01-02 20:10:46,192.168.114.254,10.173.227.219,80,TCP,388,3.8,HTTP,0
2026-01-02 20:10:52,192.168.108.186,192.168.25.86,80,TCP,5312,3.08,HTTP,0
2026-01-02 20:11:01,192.168.145.16,192.168.156.147,21,TCP,6782,6.76,FTP,3
2026-01-02 20:11:06,10.170.146.1,192.168.194.134,53,UDP,6042,2.58,DNS,0
2026-01-02 20:11:11,172.28.196.97,192.168.72.37,22,TCP,8128,1.61,SSH,9
2026-01-02 20:11:17,141.180.123.23,10.170.105.32,21,UDP,4529,6.47,FTP,11
2026-01-02 20:11:20,192.168.15.29,10.132.91.14,22,UDP,5482,4.79,SSH,6
2026-01-02 20:11:29,172.20.80.198,172.23.252.29,80,UDP,3936,4.17,HTTP,0
2026-01-02 20:11:31,192.168.252.42,192.168.223.219,443,TCP,2655,1.07,HTTPS,0
2026-01-03 16:01:50,172.22.199.62,192.168.32.92,80,UDP,5674,3.69,HTTP,0
2026-01-03 16:01:51,210.19.127.129,172.26.120.20,445,TCP,4849,4.68,SMB,0
2026-01-03 16:01:56,10.123.97.129,10.41.40.209,3389,UDP,6869,5.0,RDP,13
2026-01-03 16:01:57,172.22.39.107,10.154.215.108,21,TCP,5590,6.56,FTP,4
2026-01-03 16:02:02,192.168.93.199,192.168.27.141,53,TCP,4284,0.92,DNS,0
2026-01-03 16:02:05,178.133.144.112,172.16.192.89,22,UDP,1429,4.0,SSH,5
2026-01-03 16:02:12,134.28.133.100,192.168.181.85,53,TCP,3107,6.35,DNS,0
2026-01-03 16:02:14,142.40.19.21,192.168.14.35,445,UDP,6278,5.03,SMB,0
2026-01-03 16:02:21,172.19.164.56,172.27.118.67,21,UDP,230,2.32,FTP,13
2026-01-03 16:02:24,172.19.76.148,10.229.126.252,445,TCP,4803,6.82,SMB,0
2026-01-03 16:02:30,171.4.26.17,172.19.132.111,445,TCP,1058,0.51,SMB,0
2026-01-03 16:02:36,56.220.62.174,10.61.68.192,21,UDP,1334,7.64,FTP,0
2026-01-03 16:02:42,192.168.13.198,172.17.246.109,443,TCP,8453,5.59,HTTPS,0
2026-01-03 16:02:46,17.39.195.139,192.168.172.10,3389,UDP,613,6.3,RDP,14
2026-01-03 16:02:53,135.28.100.154,192.168.219.44,443,UDP,4614,6.29,HTTPS,0
2026-01-03 16:02:58,172.25.25.68,10.86.162.161,22,UDP,296,1.1,SSH,6
2026-01-03 16:03:00,10.97.192.235,192.168.80.110,80,TCP,8846,1.8,HTTP,0
2026-01-03 16:03:06,192.168.177.62,10.216.95.212,21,UDP,2611,2.68,FTP,0
2026-01-03 16:03:08,10.226.61.180,192.168.18.144,445,TCP,6870,4.49,SMB,0
2026-01-03 16:03:13,74.76.96.214,10.243.55.98,445,UDP,7869,3.7,SMB,0
2026-01-03 16:03:17,10.155.187.97,172.28.117.2,53,TCP,8036,0.24,DNS,0
2026-01-03 16:03:18,192.168.35.24,192.168.214.134,445,UDP,8120,7.25,SMB,0
2026-01-03 16:03:22,60.83.20.197,10.214.199.67,22,TCP,6907,5.99,SSH,6
2026-01-03 16:03:28,172.26.72.60,192.168.19.62,53,TCP,1115,7.86,DNS,0
2026-01-03 16:03:34,10.67.241.18,10.5.72.121,445,UDP,3408,0.88,SMB,0
2026-01-03 16:03:39,10.65.180.129,10.30.207.193,22,TCP,6260,7.42,SSH,6
2026-01-03 16:03:45,222.108.93.95,192.168.163.198,80,UDP,2633,2.44,HTTP,0
2026-01-03 16:03:46,10.153.183.110,10.162.247.19,80,UDP,2055,4.32,HTTP,0
2026-01-03 16:03:53,10.251.168.192,192.168.110.20,80,TCP,2102,4.04,HTTP,0
2026-01-03 16:03:55,172.28.210.113,10.72.223.215,3389,TCP,7146,4.45,RDP,10
2026-01-03 16:04:02,73.236.68.246,10.181.163.221,443,UDP,1976,5.43,HTTPS,0
2026-01-03 16:04:06,192.168.81.148,172.21.253.8,445,TCP,4189,6.84,SMB,0
2026-01-03 16:04:14,125.77.63.3,10.76.111.27,22,UDP,5470,3.61,SSH,12
2026-01-03 16:04:17,80.123.99.32,192.168.80.169,445,TCP,6628,2.88,SMB,0
2026-01-03 16:04:25,172.24.37.50,192.168.220.101,21,UDP,4610,2.68,FTP,2
2026-01-03 16:04:26,192.168.12.17,10.129.106.6,3389,UDP,4137,3.45,RDP,2
2026-01-03 16:04:31,172.24.133.90,10.216.201.90,21,TCP,6686,1.16,FTP,14
2026-01-03 16:04:32,37.21.4.143,192.168.177.147,53,UDP,2467,2.49,DNS,0
2026-01-03 16:04:42,10.33.198.175,10.65.81.35,445,UDP,6141,1.09,SMB,0
2026-01-03 16:04:43,187.249.128.222,10.30.56.239,22,TCP,636,3.13,SSH,11
2026-01-03 16:04:52,172.22.1.123,10.165.27.97,80,TCP,1075,5.41,HTTP,0
2026-01-03 16:04:52,195.229.232.251,10.221.111.34,21,UDP,7658,1.28,FTP,1
2026-01-03 16:05:02,172.20.206.200,192.168.12.151,80,TCP,1783,7.86,HTTP,0
2026-01-03 16:05:04,172.29.209.253,172.21.249.72,53,TCP,1278,5.05,DNS,0
2026-01-03 16:05:08,168.144.43.142,192.168.183.42,22,TCP,8978,3.71,SSH,5
2026-01-03 16:05:10,192.168.167.122,192.168.126.178,80,UDP,1597,2.51,HTTP,0
2026-01-03 16:05:17,10.248.165.65,10.134.162.173,443,TCP,8569,1.08,HTTPS,0
2026-01-03 16:05:19,10.109.172.92,10.148.168.29,53,TCP,3490,4.92,DNS,0
2026-01-03 16:05:24,172.29.94.100,192.168.55.229,443,UDP,2534,1.61,HTTPS,0
2026-01-03 16:05:27,73.238.39.210,192.168.40.237,443,TCP,7357,2.42,HTTPS,0
2026-01-03 16:05:29,153.100.32.116,192.168.158.96,445,UDP,4605,2.21,SMB,0
2026-01-03 16:05:33,10.138.195.26,192.168.120.111,53,UDP,6257,3.28,DNS,0
2026-01-03 16:05:40,10.131.49.209,192.168.40.142,53,UDP,1493,1.78,DNS,0
2026-01-03 16:05:43,172.24.215.44,172.17.114.145,53,TCP,5043,1.92,DNS,0
2026-01-03 16:05:46,172.19.145.126,172.24.62.126,3389,UDP,4278,5.07,RDP,3
2026-01-03 16:05:48,172.27.251.12,192.168.228.77,53,UDP,1079,6.37,DNS,0
2026-01-03 16:05:56,172.16.157.197,10.180.241.167,53,UDP,3366,0.26,DNS,0
2026-01-03 16:05:59,192.168.50.121,192.168.70.68,21,UDP,6852,4.95,FTP,11
2026-01-03 16:06:03,10.115.137.17,172.31.244.193,80,TCP,423,6.07,HTTP,0
2026-01-03 16:06:08,10.121.135.146,192.168.172.40,21,UDP,6944,1.75,FTP,1
2026-01-03 16:06:09,12.156.193.133,172.16.228.45,22,TCP,6567,2.09,SSH,7
2026-01-03 16:06:19,192.168.227.240,10.255.42.86,22,TCP,2997,0.82,SSH,9
2026-01-03 16:06:21,192.168.44.196,172.28.136.81,80,TCP,6328,1.49,HTTP,0
2026-01-03 16:06:27,172.18.104.146,192.168.16.105,22,UDP,7910,5.42,SSH,6
2026-01-03 16:06:33,192.168.34.55,192.168.180.15,21,TCP,1763,7.61,FTP,15
2026-01-03 16:06:34,172.20.95.200,172.30.89.37,443,TCP,4469,2.6,HTTPS,0
2026-01-03 16:06:39,143.158.12.125,192.168.47.176,3389,TCP,4757,6.93,RDP,10
2026-01-03 16:06:46,84.108.31.159,10.136.86.106,53,UDP,7305,3.3,DNS,0
2026-01-03 16:06:47,10.123.82.102,10.120.29.47,3389,TCP,8503,1.38,RDP,2
2026-01-03 16:06:52,172.24.2.130,172.30.55.243,3389,TCP,8645,5.03,RDP,9
2026-01-03 16:06:57,172.18.228.182,172.24.70.63,21,UDP,7904,2.49,FTP,10
2026-01-03 16:07:02,180.16.124.51,172.29.150.66,445,UDP,7569,3.11,SMB,0
2026-01-03 16:07:03,97.191.120.46,10.237.93.176,443,UDP,6780,1.48,HTTPS,0
2026-01-03 16:07:10,172.17.140.149,10.152.90.139,53,UDP,670,3.1,DNS,0
2026-01-03 16:07:11,192.168.83.198,192.168.52.237,53,UDP,6647,3.83,DNS,0
2026-01-03 16:07:16,81.158.198.94,172.16.34.88,21,UDP,8213,2.36,FTP,1
2026-01-03 16:07:21,10.177.213.145,10.232.84.89,443,UDP,3329,1.33,HTTPS,0
2026-01-03 16:07:27,172.26.161.132,192.168.236.182,21,TCP,5691,0.8,FTP,2
2026-01-03 16:07:32,116.147.216.223,192.168.7.164,443,TCP,8429,3.61,HTTPS,0
2026-01-03 16:07:37,192.168.159.58,172.22.111.30,21,TCP,6088,5.02,FTP,14
2026-01-03 16:07:41,192.168.85.216,172.19.111.146,80,UDP,8583,6.92,HTTP,0
2026-01-03 16:07:45,192.168.241.49,192.168.80.10,80,UDP,7030,0.47,HTTP,0
2026-01-03 16:07:46,10.19.66.223,192.168.217.221,3389,TCP,4447,1.05,RDP,15
2026-01-03 16:07:51,10.151.12.123,10.211.120.181,80,UDP,1706,3.88,HTTP,0
2026-01-03 16:07:57,76.73.16.228,192.168.113.121,21,TCP,3302,1.71,FTP,6
2026-01-03 16:08:02,192.168.97.9,192.168.122.21,80,TCP,1428,4.6,HTTP,0
2026-01-03 16:08:02,172.23.248.50,192.168.117.254,80,TCP,4296,2.22,HTTP,0
2026-01-03 16:08:09,10.54.163.39,172.30.72.111,22,TCP,4965,6.31,SSH,14
2026-01-03 16:08:09,10.44.68.103,172.31.107.67,3389,TCP,6963,5.82,RDP,14
2026-01-03 16:08:16,172.26.240.208,192.168.27.106,443,UDP,2440,4.2,HTTPS,0
2026-01-03 16:08:21,172.24.11.144,172.30.140.157,443,TCP,6374,5.97,HTTPS,0
2026-01-03 16:08:22,172.27.215.10,172.22.82.105,22,TCP,1985,5.0,SSH,3
2026-01-03 16:08:31,192.168.133.252,172.30.218.80,53,TCP,7714,1.56,DNS,0
2026-01-03 16:08:32,192.168.174.221,192.168.230.73,443,TCP,1825,7.21,HTTPS,0
2026-01-03 16:08:39,192.168.113.109,172.16.59.111,22,TCP,7401,0.09,SSH,11
2026-01-03 16:08:43,172.23.57.234,192.168.168.103,22,TCP,8651,5.63,SSH,7
2026-01-03 16:08:49,172.31.228.84,10.150.241.42,80,TCP,3725,7.02,HTTP,0
2026-01-03 16:08:54,172.20.132.5,192.168.2.99,21,UDP,7030,5.91,FTP,0
2026-01-03 16:08:58,30.39.96.169,10.82.138.95,53,TCP,2592,5.52,DNS,0
2026-01-03 16:09:05,172.30.247.182,192.168.154.168,443,UDP,3104,2.72,HTTPS,0
2026-01-03 16:09:10,192.168.25.34,172.29.116.66,443,TCP,279,7.85,HTTPS,0
2026-01-03 16:09:17,172.25.120.10,172.24.60.90,443,UDP,2812,6.12,HTTPS,0
2026-01-03 16:09:20,192.168.10.204,172.20.89.2,80,UDP,6853,0.81,HTTP,0
2026-01-03 16:09:26,192.168.235.41,172.30.118.97,445,UDP,6456,3.45,SMB,0
2026-01-03 16:09:31,67.200.109.8,192.168.87.166,445,TCP,7382,5.33,SMB,0
2026-01-03 16:09:36,192.168.74.241,10.221.175.140,22,UDP,3748,6.17,SSH,4
2026-01-03 16:09:38,10.47.172.123,192.168.201.9,22,TCP,6887,6.7,SSH,6
2026-01-03 16:09:49,10.206.69.105,192.168.227.207,22,UDP,8281,2.75,SSH,11
2026-01-03 16:09:50,122.118.72.245,192.168.89.121,53,TCP,1431,5.65,DNS,0
2026-01-03 16:09:56,192.168.219.153,192.168.147.32,445,TCP,8459,2.88,SMB,0
2026-01-03 16:10:00,192.168.102.67,10.127.42.191,53,UDP,5104,2.5,DNS,0
2026-01-03 16:10:05,10.245.228.129,192.168.47.145,21,UDP,5869,1.59,FTP,2
2026-01-03 16:10:10,10.185.67.50,10.195.3.66,53,UDP,3400,1.2,DNS,0
2026-01-03 16:10:15,172.22.68.231,192.168.126.139,21,TCP,4549,0.06,FTP,13
2026-01-03 16:10:15,192.168.41.189,10.197.251.42,21,UDP,1034,6.75,FTP,13
2026-01-03 16:10:24,192.168.208.50,172.30.180.124,80,UDP,1560,3.52,HTTP,0
2026-01-03 16:10:25,123.43.180.69,172.30.223.93,445,TCP,4562,7.71,SMB,0
2026-01-03 16:10:33,172.26.231.114,172.22.168.103,22,TCP,1869,7.57,SSH,8
2026-01-03 16:10:33,10.61.105.16,10.211.29.65,445,TCP,3842,4.46,SMB,0
2026-01-03 16:10:38,10.3.29.200,192.168.202.248,3389,UDP,5997,3.62,RDP,8
2026-01-03 16:10:40,150.210.104.194,10.146.171.131,443,TCP,7016,6.4,HTTPS,0
2026-01-03 16:10:43,192.168.38.155,172.26.203.107,3389,TCP,7996,2.93,RDP,12
2026-01-03 16:10:49,216.93.125.125,192.168.255.117,21,UDP,1379,7.12,FTP,0
2026-01-03 16:10:53,17.4.149.89,172.21.139.211,445,UDP,4048,7.58,SMB,0
2026-01-03 16:10:54,218.80.147.241,172.28.11.49,22,UDP,8252,4.01,SSH,4
2026-01-03 16:11:00,10.104.254.147,10.56.205.8,80,TCP,4724,5.9,HTTP,0
2026-01-03 16:11:01,172.19.199.138,172.24.86.127,53,TCP,1588,6.95,DNS,0
2026-01-03 16:11:07,73.109.166.79,192.168.241.239,3389,UDP,8566,1.12,RDP,5
2026-01-03 16:11:10,179.244.100.184,172.27.87.127,445,TCP,7006,5.65,SMB,0
2026-01-03 16:11:16,10.169.252.145,172.17.64.148,445,TCP,1282,1.75,SMB,0
2026-01-03 16:11:19,10.47.12.196,172.26.207.28,53,UDP,2312,0.82,DNS,0
2026-01-03 16:11:24,10.33.45.231,172.27.135.55,445,UDP,2501,5.04,SMB,0
2026-01-03 16:11:29,198.144.65.143,192.168.192.95,445,TCP,1315,1.99,SMB,0
2026-01-03 16:11:34,10.228.183.39,192.168.118.243,22,UDP,1567,5.16,SSH,7
2026-01-03 16:11:36,148.86.217.214,10.155.233.91,80,TCP,5206,5.79,HTTP,0
2026-01-03 16:11:42,10.252.37.199,192.168.232.252,53,UDP,1073,0.38,DNS,0
2026-01-03 16:11:45,172.18.150.38,172.21.89.92,443,TCP,4212,4.35,HTTPS,0
2026-01-03 16:11:51,116.219.177.95,10.213.138.119,53,UDP,5530,0.78,DNS,0
2026-01-03 16:11:51,172.27.94.155,192.168.252.243,22,UDP,328,6.66,SSH,12
2026-01-03 16:11:59,172.29.21.117,172.19.40.95,3389,UDP,6360,1.42,RDP,7
2026-01-03 16:12:02,192.168.30.64,10.90.250.231,53,UDP,1263,6.02,DNS,0
2026-01-03 16:12:09,10.215.13.26,172.29.116.80,21,UDP,6568,7.53,FTP,7
2026-01-03 16:12:10,123.138.187.58,192.168.208.247,445,UDP,2737,5.63,SMB,0
2026-01-03 16:12:15,172.17.67.236,172.31.3.54,80,UDP,4644,0.65,HTTP,0
2026-01-03 16:12:21,192.168.198.93,10.223.195.7,443,TCP,7290,2.3,HTTPS,0
2026-01-03 16:12:24,192.168.158.49,10.95.25.192,80,UDP,2053,4.99,HTTP,0
2026-01-03 16:12:29,172.17.199.171,192.168.89.189,3389,UDP,6685,0.09,RDP,3
2026-01-03 16:12:30,10.156.24.54,10.29.137.163,80,TCP,7579,3.93,HTTP,0
2026-01-03 16:12:36,192.168.21.76,10.167.6.93,21,UDP,8610,1.78,FTP,14
2026-01-03 16:12:39,104.136.27.1,172.26.159.158,53,TCP,7794,7.7,DNS,0
2026-01-03 16:12:43,187.171.112.186,10.41.209.49,21,TCP,2056,3.05,FTP,10
2026-01-03 16:12:48,10.148.98.110,172.23.236.175,22,UDP,711,4.77,SSH,14
2026-01-03 16:12:55,192.168.187.46,172.17.16.119,22,TCP,7874,6.65,SSH,7
2026-01-03 16:13:00,91.84.235.37,172.20.252.73,22,TCP,5282,6.42,SSH,5
2026-01-03 16:13:02,191.200.127.39,172.17.241.215,445,TCP,670,4.35,SMB,0
2026-01-03 16:13:10,10.166.62.170,10.200.77.69,21,TCP,977,5.26,FTP,14
2026-01-03 16:13:11,195.52.241.47,10.219.205.201,3389,TCP,5843,0.34,RDP,14
2026-01-03 16:13:16,10.40.0.47,172.21.106.208,21,UDP,4693,7.38,FTP,3
2026-01-03 16:13:20,189.21.215.124,10.224.189.225,80,TCP,1202,7.29,HTTP,0
2026-01-03 16:13:27,88.188.217.104,192.168.122.127,21,TCP,6787,0.89,FTP,0
2026-01-03 16:13:28,192.168.75.177,10.185.213.136,80,UDP,2111,2.05,HTTP,0
2026-01-03 16:13:37,192.168.104.17,192.168.91.178,21,TCP,450,7.79,FTP,13
2026-01-03 16:13:39,192.168.75.188,172.17.9.169,53,UDP,3918,5.61,DNS,0
2026-01-03 16:13:46,87.223.189.52,192.168.231.247,80,UDP,7731,7.71,HTTP,0
2026-01-03 16:13:47,10.2.137.208,10.44.7.152,80,UDP,5418,3.94,HTTP,0
2026-01-03 16:13:52,172.17.103.40,192.168.169.87,443,UDP,3153,7.7,HTTPS,0
2026-01-03 16:13:59,172.31.206.150,172.20.44.97,80,UDP,721,3.09,HTTP,0
2026-01-03 16:13:59,218.108.200.172,192.168.1.195,53,TCP,4078,4.54,DNS,0
2026-01-03 16:14:04,192.168.14.194,172.20.155.105,3389,TCP,8048,4.87,RDP,3
2026-01-03 16:14:06,202.49.91.69,172.27.142.243,53,TCP,5595,5.29,DNS,0
2026-01-03 16:14:13,59.115.146.136,10.45.108.165,3389,TCP,312,1.84,RDP,11
2026-01-03 16:14:15,163.233.47.151,192.168.143.214,21,TCP,2653,6.99,FTP,7
2026-01-03 16:14:19,192.168.72.240,172.26.168.90,80,UDP,362,3.24,HTTP,0
2026-01-03 16:14:25,192.168.80.184,192.168.107.170,3389,UDP,7363,5.07,RDP,8
2026-01-03 16:14:27,172.29.237.139,172.23.212.229,445,UDP,7358,3.36,SMB,0
2026-01-03 16:14:37,213.255.254.207,192.168.159.87,21,TCP,3415,5.98,FTP,1
2026-01-03 16:14:39,112.20.10.185,10.174.104.49,22,TCP,7011,4.03,SSH,14
2026-01-03 16:14:43,192.168.191.22,192.168.147.175,22,TCP,4987,2.19,SSH,6
2026-01-03 16:14:46,65.231.50.178,192.168.204.116,443,TCP,8882,0.42,HTTPS,0
2026-01-03 16:14:51,172.25.217.66,10.84.99.182,80,TCP,8000,3.18,HTTP,0
2026-01-03 16:14:56,10.84.153.29,10.160.55.39,21,TCP,1112,5.89,FTP,10
2026-01-03 16:14:57,192.168.137.37,10.255.111.194,80,TCP,6862,4.91,HTTP,0
2026-01-03 16:15:04,205.164.204.241,192.168.239.128,445,TCP,471,7.14,SMB,0
2026-01-03 16:15:08,83.202.22.209,192.168.213.113,443,UDP,8600,1.77,HTTPS,0
2026-01-03 16:15:12,10.212.102.52,10.14.67.163,445,UDP,7918,7.63,SMB,0
2026-01-03 16:15:20,10.200.72.128,172.31.200.229,22,TCP,8224,0.08,SSH,3
2026-01-03 16:15:21,172.31.13.54,192.168.150.63,80,TCP,6220,5.11,HTTP,0
2026-01-03 16:15:27,10.84.151.216,192.168.109.173,445,UDP,6177,7.85,SMB,0
2026-01-03 16:15:30,110.154.239.222,172.18.236.189,443,UDP,3557,2.21,HTTPS,0
2026-01-03 16:15:38,116.229.104.52,192.168.68.164,443,TCP,4247,4.69,HTTPS,0
2026-01-03 16:15:39,192.168.196.223,192.168.168.28,443,UDP,1678,4.62,HTTPS,0
2026-01-03 16:15:49,10.158.20.119,10.120.77.110,22,UDP,6297,5.22,SSH,1
2026-01-03 16:15:50,176.231.175.166,172.19.27.144,445,TCP,2902,3.98,SMB,0
2026-01-03 16:15:56,192.168.108.24,192.168.227.103,80,TCP,6968,5.5,HTTP,0
2026-01-03 16:15:56,192.168.137.88,10.15.44.115,445,TCP,5293,4.59,SMB,0
2026-01-03 16:16:02,48.137.14.59,172.28.80.82,80,TCP,7117,0.3,HTTP,0
2026-01-03 16:16:05,83.127.93.97,192.168.199.193,3389,TCP,8152,4.57,RDP,6
2026-01-03 16:16:14,10.236.71.253,192.168.9.177,80,UDP,2731,7.02,HTTP,0
2026-01-03 16:16:15,192.168.249.48,192.168.16.70,53,TCP,4928,5.59,DNS,0
2026-01-03 16:16:21,119.41.45.49,192.168.56.122,80,UDP,401,5.56,HTTP,0
2026-01-03 16:16:26,172.23.134.172,172.31.83.4,445,TCP,8234,0.95,SMB,0
2026-01-03 16:16:28,192.168.48.128,10.33.206.191,80,TCP,1257,0.61,HTTP,0
2026-01-03 16:16:35,10.6.25.94,192.168.227.252,445,UDP,4467,0.3,SMB,0
2026-01-03 16:16:38,192.168.40.81,172.25.176.110,22,TCP,4909,5.19,SSH,14
2026-01-03 16:16:43,192.168.51.21,192.168.152.154,53,UDP,2504,5.76,DNS,0
2026-01-03 16:16:46,172.16.58.58,10.25.38.241,80,UDP,2072,3.6,HTTP,0
2026-01-03 16:16:51,172.26.174.130,172.22.246.115,443,UDP,6957,1.27,HTTPS,0
2026-01-03 16:16:52,10.18.209.210,172.17.68.212,445,UDP,6382,1.21,SMB,0
2026-01-03 16:17:01,10.123.61.164,172.17.76.10,3389,UDP,8094,6.11,RDP,7
2026-01-03 16:17:01,192.168.105.223,10.93.244.27,445,UDP,7758,1.32,SMB,0
2026-01-03 16:17:06,172.21.174.254,172.30.227.117,22,TCP,2970,2.06,SSH,11
2026-01-03 16:17:11,192.168.234.167,192.168.90.225,80,UDP,7890,7.22,HTTP,0
2026-01-03 16:17:12,192.168.26.181,10.209.218.196,22,UDP,2292,6.46,SSH,9
2026-01-03 16:17:17,10.5.11.176,192.168.77.116,445,UDP,1197,6.57,SMB,0
2026-01-03 16:17:19,172.30.107.61,172.18.182.37,445,UDP,686,2.96,SMB,0
2026-01-03 16:17:24,172.25.9.170,192.168.3.150,80,TCP,1975,3.35,HTTP,0
2026-01-03 16:17:28,172.19.183.214,192.168.246.81,21,TCP,6328,1.45,FTP,14
2026-01-03 16:17:33,192.168.240.155,10.165.15.90,22,UDP,1905,6.18,SSH,3
2026-01-03 16:17:34,10.153.78.12,10.219.92.185,22,UDP,766,4.79,SSH,2
2026-01-03 16:17:39,172.29.246.80,172.16.213.185,21,TCP,6105,5.08,FTP,9
2026-01-03 16:17:39,191.102.69.118,192.168.237.74,22,TCP,1989,7.49,SSH,7
2026-01-03 16:17:45,172.28.179.120,10.201.68.222,445,TCP,6615,0.88,SMB,0
2026-01-03 16:17:48,192.168.248.200,192.168.129.146,445,UDP,2225,1.21,SMB,0
2026-01-03 16:17:53,172.21.213.2,172.20.81.237,22,UDP,6091,4.89,SSH,7
2026-01-03 16:18:00,172.26.59.78,10.108.166.240,53,UDP,3456,4.03,DNS,0
2026-01-03 16:18:00,192.168.246.197,192.168.81.169,80,UDP,231,2.52,HTTP,0
2026-01-03 16:18:11,10.201.214.210,10.83.27.47,53,TCP,6865,6.65,DNS,0
2026-01-03 16:18:12,192.168.100.192,172.27.191.198,53,UDP,3442,4.1,DNS,0
2026-01-03 16:18:17,10.245.235.125,10.191.233.155,21,TCP,6492,6.38,FTP,14
2026-01-03 16:18:20,172.17.246.59,172.27.170.174,445,TCP,3169,6.69,SMB,0
2026-01-03 16:18:22,116.81.98.123,10.211.243.132,3389,UDP,2409,5.71,RDP,10
2026-01-03 16:18:29,111.42.200.38,172.27.149.148,443,TCP,766,2.47,HTTPS,0
2026-01-03 16:18:30,10.232.129.9,172.25.130.158,80,TCP,5236,2.25,HTTP,0
2026-01-03 16:18:34,172.21.119.57,10.68.98.140,443,TCP,2090,4.92,HTTPS,0
2026-01-03 16:18:40,41.87.237.2,10.71.21.179,53,TCP,1154,4.81,DNS,0
2026-01-03 16:18:40,10.106.3.116,10.194.222.136,443,UDP,6905,1.25,HTTPS,0
2026-01-03 16:18:46,217.152.93.177,10.51.1.170,53,UDP,2474,3.79,DNS,0
2026-01-03 16:18:50,172.30.102.109,172.24.232.52,21,TCP,5654,0.6,FTP,3
2026-01-03 16:18:51,10.101.130.92,10.43.103.122,53,UDP,3307,0.11,DNS,0
2026-01-03 16:18:55,111.7.188.37,10.167.118.197,21,UDP,7696,1.91,FTP,3
2026-01-03 16:19:01,192.168.116.60,172.18.14.143,53,TCP,5220,6.14,DNS,0
2026-01-03 16:19:04,192.168.89.124,172.27.73.105,445,UDP,6389,2.74,SMB,0
2026-01-03 16:19:11,172.27.180.101,10.104.23.191,22,TCP,7352,2.54,SSH,9
2026-01-03 16:19:14,172.16.72.157,10.229.167.113,80,TCP,4297,2.38,HTTP,0
2026-01-03 16:19:23,192.168.44.81,192.168.252.174,21,UDP,5635,0.6,FTP,7
2026-01-03 16:19:25,172.20.122.1,10.188.130.237,22,TCP,7299,4.1,SSH,8
2026-01-03 16:19:30,192.168.218.100,172.30.137.20,445,TCP,4582,0.87,SMB,0
2026-01-03 16:19:36,190.253.9.239,172.20.41.128,3389,TCP,4116,2.64,RDP,13
2026-01-03 16:19:37,192.168.11.22,192.168.226.26,22,TCP,7208,2.46,SSH,1
2026-01-03 16:19:41,73.29.83.142,10.49.178.182,443,UDP,1015,0.76,HTTPS,0
2026-01-03 16:19:46,192.168.232.140,192.168.135.13,3389,UDP,7499,2.27,RDP,5
2026-01-03 16:19:50,10.41.223.95,172.26.79.124,3389,UDP,533,6.87,RDP,0
2026-01-03 16:19:52,164.73.80.23,172.20.223.128,443,TCP,5484,1.89,HTTPS,0
2026-01-03 16:19:57,10.193.236.107,172.30.180.232,22,TCP,5035,3.38,SSH,7
2026-01-03 16:19:57,192.168.31.105,10.129.17.17,445,TCP,4715,2.56,SMB,0
2026-01-03 16:20:02,163.166.56.34,192.168.212.110,53,UDP,3771,1.78,DNS,0
2026-01-03 16:20:02,10.246.95.197,10.7.43.164,21,UDP,3580,7.49,FTP,2
2026-01-03 16:20:10,172.23.162.37,10.143.195.93,445,TCP,3060,6.89,SMB,0
2026-01-03 16:20:11,172.17.192.230,192.168.197.114,3389,UDP,443,1.2,RDP,3
2026-01-03 16:20:18,172.19.44.106,10.190.60.134,53,UDP,6542,2.25,DNS,0
2026-01-03 16:20:22,192.168.56.163,10.139.45.87,22,TCP,4483,0.77,SSH,7
2026-01-03 16:20:24,10.42.112.209,192.168.21.220,53,TCP,5547,3.21,DNS,0
2026-01-03 16:20:27,172.31.17.142,10.23.203.51,80,UDP,7586,0.83,HTTP,0
2026-01-03 16:20:29,192.168.12.240,172.17.85.20,443,UDP,7048,3.66,HTTPS,0
2026-01-03 16:20:34,172.29.15.53,10.9.57.45,22,UDP,957,3.16,SSH,7
2026-01-03 16:20:38,10.209.71.237,172.16.21.119,53,TCP,1845,2.83,DNS,0
2026-01-03 16:20:45,107.216.253.36,10.125.206.175,53,TCP,4619,2.49,DNS,0
2026-01-03 16:20:50,192.168.227.1,192.168.24.122,80,TCP,4510,5.15,HTTP,0
2026-01-03 16:20:54,46.51.84.29,192.168.163.168,3389,UDP,7330,2.46,RDP,1
2026-01-03 16:21:00,172.21.147.23,172.20.133.61,53,UDP,1138,0.7,DNS,0
2026-01-03 16:21:00,161.113.165.184,192.168.245.1,3389,UDP,7900,4.16,RDP,2
2026-01-03 16:21:06,10.209.117.251,172.20.229.18,53,UDP,5838,2.07,DNS,0
2026-01-03 16:21:09,172.19.57.245,172.29.171.173,3389,TCP,7319,6.49,RDP,10
2026-01-03 16:21:13,172.31.255.216,10.141.201.32,80,UDP,7606,6.06,HTTP,0
2026-01-03 16:21:17,10.249.202.210,172.31.123.217,3389,TCP,974,5.02,RDP,3
2026-01-03 16:21:21,197.66.206.78,10.18.205.105,80,UDP,8608,1.94,HTTP,0
2026-01-03 16:21:25,166.6.152.142,172.17.168.42,443,UDP,3914,2.17,HTTPS,0
2026-01-03 16:21:30,17.228.70.25,10.35.40.148,53,UDP,2738,4.98,DNS,0
2026-01-03 16:21:33,122.15.138.128,172.23.219.63,53,TCP,2962,1.9,DNS,0
2026-01-03 16:21:37,10.199.85.129,192.168.112.86,445,UDP,1686,6.0,SMB,0
2026-01-03 16:21:40,10.114.236.174,172.19.164.188,53,UDP,4493,0.65,DNS,0
2026-01-03 16:21:48,172.19.102.34,192.168.119.120,22,UDP,1818,5.7,SSH,7
2026-01-03 16:21:51,192.168.196.45,192.168.30.99,80,TCP,3787,3.73,HTTP,0
2026-01-03 16:22:00,10.236.219.53,192.168.167.215,21,TCP,5633,4.36,FTP,0
2026-01-03 16:22:00,192.168.130.17,10.218.196.202,80,UDP,5283,0.12,HTTP,0
2026-01-03 16:22:05,207.147.42.72,10.114.146.188,443,UDP,6340,0.47,HTTPS,0
2026-01-03 16:22:11,192.168.130.152,10.138.171.60,3389,UDP,3347,0.46,RDP,14
2026-01-03 16:22:17,172.25.138.19,192.168.133.34,22,UDP,8683,1.82,SSH,15
2026-01-03 16:22:18,192.168.193.211,10.153.161.55,53,TCP,1502,5.96,DNS,0
2026-01-03 16:22:23,172.27.9.68,192.168.62.202,445,UDP,6137,6.33,SMB,0
2026-01-03 16:22:29,172.16.7.244,10.131.232.156,21,TCP,8826,3.61,FTP,4
2026-01-03 16:22:30,172.17.169.5,172.17.26.254,80,UDP,2655,3.77,HTTP,0
2026-01-03 16:22:37,10.101.98.121,192.168.56.169,53,TCP,7447,2.43,DNS,0
2026-01-03 16:22:41,192.168.90.27,192.168.57.128,22,UDP,6776,5.43,SSH,14
2026-01-03 16:22:44,220.96.188.12,192.168.156.40,80,UDP,6534,6.48,HTTP,0
2026-01-03 16:22:50,125.244.242.53,192.168.65.211,21,TCP,1209,4.64,FTP,14
2026-01-03 16:22:56,172.29.91.57,192.168.113.233,3389,UDP,6793,1.02,RDP,10
2026-01-03 16:22:59,130.73.119.107,192.168.105.69,443,UDP,3451,2.0,HTTPS,0
2026-01-03 16:23:05,192.168.81.169,192.168.113.83,443,TCP,1708,6.18,HTTPS,0
2026-01-03 16:23:06,172.29.254.24,192.168.126.119,22,TCP,2347,7.22,SSH,1
2026-01-03 16:23:12,172.21.40.56,172.29.245.158,53,TCP,8126,3.84,DNS,0
2026-01-03 16:23:17,192.168.105.221,172.28.65.200,443,UDP,5483,3.57,HTTPS,0
2026-01-03 16:23:19,144.196.204.194,172.23.253.38,21,UDP,4214,0.22,FTP,6
2026-01-03 16:23:25,172.26.179.121,10.21.156.103,53,TCP,6521,4.97,DNS,0
2026-01-03 16:23:26,10.32.248.192,172.27.167.92,22,TCP,5786,4.69,SSH,2
2026-01-03 16:23:36,84.98.215.253,172.18.70.44,80,TCP,3655,5.95,HTTP,0
2026-01-03 16:23:38,10.153.49.237,192.168.168.228,53,TCP,7702,1.21,DNS,0
2026-01-03 16:23:41,10.214.250.151,172.22.212.9,22,TCP,5816,6.88,SSH,0
2026-01-03 16:23:46,10.147.51.191,172.25.50.228,21,UDP,2979,5.19,FTP,9
2026-01-03 16:23:51,172.29.183.215,172.22.220.57,53,UDP,8378,2.98,DNS,0
2026-01-03 16:23:53,192.168.98.91,10.221.249.36,3389,UDP,5094,3.12,RDP,14
2026-01-03 16:23:58,10.121.140.85,10.38.248.122,3389,UDP,7954,3.49,RDP,14
2026-01-03 16:23:59,10.148.48.165,172.19.200.3,21,UDP,6371,2.59,FTP,6
2026-01-03 16:24:05,128.239.24.204,172.30.33.225,53,UDP,2660,0.11,DNS,0
2026-01-03 16:24:09,10.20.64.112,10.106.102.40,21,UDP,8993,6.03,FTP,2
2026-01-03 16:24:11,172.16.203.172,10.4.176.204,3389,TCP,3622,2.36,RDP,13
2026-01-03 16:24:17,172.20.105.224,10.67.5.184,443,TCP,6011,4.85,HTTPS,0
2026-01-03 16:24:17,10.167.211.58,10.29.84.204,21,TCP,1643,7.29,FTP,3
2026-01-03 16:24:26,128.30.121.26,192.168.180.87,80,UDP,7393,5.52,HTTP,0
2026-01-03 16:24:29,63.192.185.46,10.200.87.31,443,UDP,5505,4.41,HTTPS,0
2026-01-03 16:24:37,172.29.228.226,10.91.122.122,22,UDP,1852,5.25,SSH,15
2026-01-03 16:24:41,10.94.103.39,10.153.125.229,22,UDP,3931,6.91,SSH,7
2026-01-03 16:24:48,10.190.115.44,192.168.198.231,445,TCP,3508,4.27,SMB,0
2026-01-03 16:24:49,143.53.112.30,172.21.84.45,53,TCP,1345,7.85,DNS,0
2026-01-03 16:24:56,10.137.4.158,172.29.133.161,22,UDP,8115,6.9,SSH,3
2026-01-03 16:25:01,192.168.238.184,172.30.25.107,53,TCP,8621,5.39,DNS,0
2026-01-03 16:25:06,10.147.165.178,192.168.57.180,21,TCP,1227,7.85,FTP,15
2026-01-03 16:25:06,192.168.202.6,10.134.233.103,21,TCP,2065,7.47,FTP,15
2026-01-03 16:25:12,172.31.178.88,192.168.179.72,80,TCP,5863,5.9,HTTP,0
2026-01-03 16:25:17,10.85.65.26,192.168.43.252,80,UDP,1818,3.05,HTTP,0
2026-01-03 16:25:19,172.22.216.227,172.19.67.238,80,UDP,6651,2.96,HTTP,0
2026-01-03 16:25:29,192.168.23.82,10.69.50.210,445,UDP,3509,4.07,SMB,0
2026-01-03 16:25:29,192.168.235.140,10.110.139.127,22,UDP,4744,6.66,SSH,13
2026-01-03 16:25:39,40.113.212.191,192.168.205.124,80,TCP,6376,3.36,HTTP,0
2026-01-03 16:25:40,110.41.247.57,172.20.163.183,22,TCP,5895,4.3,SSH,5
2026-01-03 16:25:46,99.137.129.175,10.218.188.219,3389,TCP,5827,4.45,RDP,11
2026-01-03 16:25:51,49.215.214.86,10.233.155.20,443,TCP,7440,5.49,HTTPS,0
2026-01-03 16:25:52,192.168.77.69,10.169.15.106,443,UDP,2422,4.56,HTTPS,0
2026-01-03 16:25:56,192.168.13.78,172.20.71.72,445,TCP,6567,1.19,SMB,0
2026-01-03 16:25:59,192.168.131.94,192.168.48.223,443,UDP,2864,7.15,HTTPS,0
2026-01-03 16:26:05,38.150.28.5,10.176.146.158,80,TCP,7058,6.4,HTTP,0
2026-01-03 16:26:06,11.144.224.74,10.86.189.65,21,TCP,7194,0.53,FTP,0
2026-01-03 16:26:12,172.27.148.235,172.18.234.136,53,UDP,1744,5.79,DNS,0
2026-01-03 16:26:15,192.168.19.10,192.168.30.7,445,UDP,2491,7.72,SMB,0
2026-01-03 16:26:22,32.16.199.143,172.19.41.177,443,UDP,7973,6.98,HTTPS,0
2026-01-03 16:26:23,10.134.242.172,172.18.217.79,3389,UDP,1300,1.06,RDP,11
2026-01-03 16:26:29,167.161.204.158,10.8.92.184,22,UDP,4054,2.68,SSH,13
2026-01-03 16:26:33,10.174.231.182,10.165.126.66,3389,UDP,5614,5.43,RDP,5
2026-01-03 16:26:38,10.72.67.192,172.19.65.193,22,TCP,2461,4.67,SSH,9
2026-01-03 16:26:39,90.30.17.85,192.168.130.166,445,UDP,454,1.75,SMB,0
2026-01-03 16:26:46,117.68.8.124,192.168.99.92,22,UDP,5330,7.11,SSH,3
2026-01-03 16:26:48,10.137.141.228,10.177.198.91,445,UDP,1099,5.07,SMB,0
2026-01-03 16:26:53,54.62.19.75,192.168.199.16,443,TCP,8785,1.7,HTTPS,0
2026-01-03 16:26:58,172.28.9.71,10.248.90.232,21,TCP,4953,7.06,FTP,11
2026-01-03 16:26:59,192.168.217.216,172.25.6.152,80,UDP,4555,5.87,HTTP,0
2026-01-03 16:27:06,95.21.137.67,10.136.183.51,53,TCP,1825,1.82,DNS,0
2026-01-03 16:27:06,172.31.66.74,10.73.172.192,21,TCP,5615,2.92,FTP,5
2026-01-03 16:27:11,192.168.225.169,10.3.165.14,3389,UDP,1972,0.11,RDP,14
2026-01-03 16:27:13,10.198.111.137,10.115.218.69,21,TCP,3286,0.28,FTP,10
2026-01-03 16:27:21,192.168.28.215,172.27.223.162,3389,UDP,7381,5.52,RDP,5
2026-01-03 16:27:25,73.105.142.186,10.206.134.219,3389,UDP,1307,4.27,RDP,13
2026-01-03 16:27:26,144.203.45.149,10.210.149.25,3389,UDP,3171,7.04,RDP,13
2026-01-03 16:27:30,172.27.135.116,172.28.218.99,443,UDP,7370,5.59,HTTPS,0
2026-01-03 16:27:32,192.168.52.152,172.20.211.154,3389,TCP,5065,4.88,RDP,7
2026-01-03 16:27:35,172.30.82.211,172.30.233.153,445,UDP,8436,7.43,SMB,0
2026-01-03 16:27:40,107.125.213.127,10.253.55.139,443,TCP,5370,3.34,HTTPS,0
2026-01-03 16:27:44,172.24.226.14,172.21.93.35,21,TCP,7350,6.02,FTP,9
2026-01-03 16:27:51,192.168.234.224,192.168.14.236,80,UDP,4674,7.49,HTTP,0
2026-01-03 16:27:51,10.191.108.128,192.168.166.78,3389,UDP,5415,1.89,RDP,6
2026-01-03 16:27:56,192.168.201.146,172.28.236.217,53,UDP,1901,5.25,DNS,0
2026-01-03 16:27:58,192.168.174.232,192.168.140.51,22,TCP,7433,7.47,SSH,7
2026-01-03 16:28:04,53.24.204.62,192.168.66.94,21,UDP,1146,7.37,FTP,13
2026-01-03 16:28:05,172.18.79.39,192.168.26.240,443,TCP,873,1.83,HTTPS,0
2026-01-03 16:28:09,92.106.2.140,10.34.19.1,443,TCP,8006,6.06,HTTPS,0
2026-01-03 16:28:17,172.18.105.32,10.164.159.107,53,TCP,1724,3.33,DNS,0
2026-01-03 16:28:20,60.231.148.175,172.22.171.191,21,TCP,1615,3.28,FTP,11
2026-01-03 16:28:22,159.118.57.145,192.168.140.5,22,TCP,4528,6.88,SSH,11
2026-01-03 16:28:26,172.25.255.110,10.198.205.221,443,TCP,7938,7.01,HTTPS,0
2026-01-03 16:28:31,172.20.34.164,172.17.84.38,21,TCP,4705,6.13,FTP,10
2026-01-03 16:28:33,172.17.185.39,172.27.146.37,3389,UDP,7036,4.5,RDP,0
2026-01-03 16:28:38,10.249.93.69,192.168.176.182,443,TCP,1162,0.93,HTTPS,0
2026-01-03 16:28:38,198.108.147.140,10.45.36.24,445,TCP,2509,7.56,SMB,0
2026-01-03 16:28:48,172.19.13.88,172.31.51.89,22,TCP,1388,2.24,SSH,4
2026-01-03 16:28:50,27.212.27.7,192.168.45.248,21,UDP,1864,0.54,FTP,3
2026-01-03 16:28:58,192.168.27.247,172.28.149.89,80,TCP,5590,7.7,HTTP,0
2026-01-03 16:29:00,172.17.106.176,172.28.166.79,3389,TCP,3710,1.01,RDP,9
2026-01-03 16:29:03,172.21.203.211,192.168.122.73,443,TCP,1229,5.88,HTTPS,0
2026-01-03 16:29:08,126.158.39.244,192.168.159.96,80,TCP,6903,3.04,HTTP,0
2026-01-03 16:29:13,112.232.36.66,192.168.108.80,22,TCP,497,4.94,SSH,10
2026-01-03 16:29:19,10.204.116.78,172.28.100.222,3389,TCP,7671,6.26,RDP,5
2026-01-03 16:29:21,91.31.186.81,10.182.180.210,3389,UDP,6044,6.84,RDP,13
